Team,Season,off_pass_att,off_pass_cmp,off_cmp_pct,off_yds_per_att,off_pass_yds,off_pass_td,off_int,off_qb_rating,off_first_downs,off_first_down_pct,off_pass_20plus,off_pass_40plus,off_pass_long,off_sacks_taken,off_sack_yds_lost,off_rush_att,off_rush_yds,off_rush_avg,off_rush_td,off_rush_20plus,off_rush_40plus,off_rush_long,off_rush_1st,off_rush_1st_pct,off_rush_fum,off_rec,off_rec_yds,off_yds_per_rec,off_rec_td,off_rec_20plus,off_rec_40plus,off_rec_long,off_rec_1st,off_rec_1st_pct,off_rec_fum,off_total_td,off_2pt_conv,off_3rd_att,off_3rd_md,off_4th_att,off_4th_md,off_scrim_plays,def_pass_att,def_pass_cmp,def_pass_cmp_pct,def_pass_yds_per_att,def_pass_yds,def_pass_td_allowed,def_pass_int_made,def_opp_qb_rating,def_pass_1st,def_pass_1st_pct,def_pass_20plus_allowed,def_pass_40plus_allowed,def_pass_long_allowed,def_rush_att,def_rush_yds,def_rush_avg,def_rush_td_allowed,def_rush_20plus_allowed,def_rush_40plus_allowed,def_rush_long_allowed,def_rush_1st,def_rush_1st_pct,def_rush_fum_recovered,def_rec_allowed,def_rec_yds_allowed,def_yds_per_rec_allowed,def_rec_td_allowed,def_rec_20plus_allowed,def_rec_40plus_allowed,def_rec_long_allowed,def_rec_1st,def_rec_1st_pct,def_rec_fum_recovered,def_passes_defended,def_fum_td,def_safety,def_int_td,def_sacks,def_comb_tackles,def_assist_tackles,def_solo_tackles,def_3rd_att,def_3rd_md,def_4th_att,def_4th_md,def_scrim_plays,def_forced_fumbles,def_fum_recovered,def_int_yds,def_longest_play,st_fg_made,st_fg_pct,st_xp_made,st_xp_pct,st_kick_return_td,st_punt_return_td,made_playoffs,won_playoff,championship_win,superbowl_win,preseaon_power_rank,normalized_power_rank
49ers,2024,533,349,65.5,8.3,4424,23,16,93.1,204,38.3,66,11,76,36,187,457,2163,4.7,17,13,1,76,120,26.3,7,349,4424,12.7,23,66,11,76,210,60.2,5,42,0,197,84,16,8,1069,516,338,65.5,6.7,3476,25,11,92,181,35.1,39,5,97T,476,2118,4.4,24,11,4,65T,118,24.8,8,338,3476,10.3,25,39,5,97T,181,53.6,4,72,0,0,1,37,1042,400,635,216,93,26,17,1061,13,6,167,45T,33,76.7,38,95,0,0,0,0,0,0,2,0.5
Bears,2024,566,353,62.4,6.3,3552,20,7,86.8,172,30.4,40,6,47,68,466,431,1734,4,13,7,1,56T,97,22.5,4,353,3552,10.1,20,40,6,47,172,48.7,5,36,3,231,76,38,23,1090,503,325,64.6,7.9,3959,17,11,90.9,177,35.2,57,10,82T,485,2317,4.8,20,12,2,53T,129,26.6,5,325,3959,12.2,17,57,10,82T,177,54.5,6,66,0,0,1,40,1074,412,625,213,80,19,9,1071,17,13,87,43T,21,84,25,96.2,0,1,0,0,0,0,16,0.0625
Bengals,2024,652,460,70.6,7.5,4918,43,9,108.5,253,38.8,49,12,70T,48,278,380,1574,4.1,11,9,2,47T,88,23.2,6,460,4918,10.7,43,49,12,70,253,55,5,57,1,214,100,19,10,1113,573,372,64.9,7,4016,30,15,91.9,192,33.5,48,10,84T,479,2122,4.4,20,10,2,66,137,28.6,9,372,4016,10.8,30,48,10,84T,192,51.6,2,79,0,1,2,36,1100,441,634,207,87,27,16,1114,14,10,249,51T,25,75.8,51,96.2,1,0,0,0,0,0,6,0.166666667
Bills,2024,520,329,63.3,7.6,3938,30,6,100.8,181,34.8,56,11,69T,14,63,491,2230,4.5,32,13,4,65T,140,28.5,2,329,3938,12,30,56,11,69,181,55,2,65,1,202,89,22,16,1054,578,396,68.5,7.1,4100,28,16,93.4,217,37.5,43,4,67T,435,1963,4.5,13,11,3,87T,109,25.1,11,396,4100,10.4,28,43,4,67T,217,54.8,4,60,1,1,2,39,1085,405,623,201,88,32,17,1077,18,16,145,31,24,82.8,59,92.2,0,0,1,1,0,0,8,0.125
Broncos,2024,570,379,66.5,6.7,3808,30,12,94.1,172,30.2,52,6,93T,24,198,461,1908,4.1,12,10,1,43,124,26.9,5,379,3808,10,30,52,6,93,172,45.4,6,47,0,230,91,22,15,1089,606,393,64.8,6.8,4112,22,15,86.2,203,33.5,47,5,70T,424,1639,3.9,10,11,3,43,82,19.3,7,393,4112,10.5,22,47,5,70T,203,51.6,4,68,2,2,3,63,1105,426,648,236,88,30,16,1126,12,9,430,100,31,91.2,46,100,0,0,0,0,0,0,27,0.037037037
Browns,2024,661,395,59.8,5.9,3879,19,23,71.4,180,27.2,39,4,89T,66,373,391,1608,4.1,8,7,2,66,93,23.8,6,395,3879,9.8,19,39,4,89,180,45.6,2,29,5,237,70,44,24,1145,511,316,61.8,7.6,3878,26,4,98.9,176,34.4,56,9,93T,488,2205,4.5,22,22,4,75T,108,22.1,6,316,3878,12.3,26,56,9,93T,176,55.7,1,60,1,1,0,41,1039,373,636,224,81,18,8,1071,12,8,-2,0,18,66.7,18,85.7,0,0,0,0,0,0,14,0.071428571
Buccaneers,2024,571,408,71.4,7.9,4505,41,16,106.8,224,39.2,58,5,57T,40,248,483,2536,5.2,16,15,4,56,137,28.4,12,408,4505,11,41,58,5,57,224,54.9,6,59,1,216,110,14,9,1126,630,418,66.4,7.1,4464,27,7,96.6,212,33.6,54,9,59,389,1663,4.3,13,9,3,81,94,24.2,10,418,4464,10.7,27,54,9,59,212,50.7,6,61,1,1,0,46,1030,364,648,210,80,30,19,1109,16,11,28,17,30,93.8,54,96.4,0,0,0,0,0,0,20,0.05
Cardinals,2024,543,374,68.9,7.1,3859,21,11,93.5,191,35.2,43,3,60T,30,220,463,2451,5.3,18,17,7,53,136,29.4,9,374,3859,10.3,21,43,3,60,191,51.1,5,42,3,193,83,18,8,1074,539,370,68.6,7.3,3930,20,9,95.1,200,37.1,46,6,53,465,2149,4.6,18,12,2,51T,124,26.7,7,370,3930,10.6,20,46,6,53,200,54,7,63,0,2,0,41,1128,481,604,208,91,24,14,1083,17,8,12,10,34,89.5,36,97.3,1,0,0,0,0,0,24,0.041666667
Chargers,2024,510,336,65.9,7.6,3901,23,3,101.4,176,34.5,54,7,66T,44,270,463,1882,4.1,17,11,5,61,110,23.8,5,336,3901,11.6,23,54,7,66,176,52.4,4,41,3,221,89,16,10,1059,565,367,65,6.7,3762,24,15,87,170,30.1,48,8,60,426,1997,4.7,7,13,3,54,108,25.4,6,367,3762,10.2,24,48,8,60,170,46.3,1,87,0,0,1,46,1030,380,642,224,80,29,18,1074,8,6,173,61T,39,92.9,33,91.7,0,0,0,0,0,0,13,0.076923077
Chiefs,2024,600,404,67.3,6.7,4046,26,11,93.1,219,36.5,42,4,54T,41,266,450,1790,4,15,7,0,34T,106,23.6,4,404,4046,10,26,41,4,54,219,54.2,2,42,0,229,111,17,12,1128,569,375,65.9,7,3970,24,13,90.6,191,33.6,52,10,58T,418,1731,4.1,13,8,1,62T,112,26.8,4,375,3970,10.6,24,52,10,58T,191,50.9,4,71,1,0,0,39,999,353,649,215,93,23,12,1057,15,7,102,47,32,86.5,37,94.9,0,0,1,1,1,0,1,1
Colts,2024,513,289,56.3,7,3599,20,19,75.8,161,31.4,51,10,69,32,238,496,2331,4.7,20,18,4,70T,130,26.2,10,289,3599,12.4,20,51,10,69,161,55.7,3,41,1,219,83,28,17,1078,545,378,69.4,7.6,4142,27,16,95.8,191,35,47,10,85T,531,2241,4.2,18,11,3,65T,127,23.9,7,378,4142,11,27,47,10,85T,191,50.5,6,57,1,0,0,36,1211,480,665,234,104,21,11,1150,18,9,105,20,31,83.8,36,100,0,0,0,0,0,0,21,0.047619048
Commanders,2024,525,365,69.5,7.5,3932,29,9,102.5,192,36.6,45,10,86T,50,267,526,2619,5,25,19,4,50T,154,29.3,7,365,3932,10.8,29,45,10,86,192,52.6,4,55,4,217,99,23,20,1143,496,307,61.9,7,3492,25,7,93.9,175,35.3,47,5,45,490,2337,4.8,18,14,2,68T,122,24.9,9,307,3492,11.4,25,47,5,45,175,57,2,60,0,0,1,43,1038,414,639,207,79,24,16,1064,16,10,153,67T,34,81,45,95.7,0,0,1,1,0,0,26,0.038461538
Cowboys,2024,637,398,62.5,6.4,4092,23,14,83.8,192,30.1,47,7,65,38,230,429,1705,4,6,3,0,27,98,22.8,12,398,4092,10.3,23,47,7,65,192,48.2,7,33,1,228,84,28,10,1151,512,349,68.2,7.9,4045,28,13,99.4,175,34.2,47,12,86T,482,2331,4.8,25,12,1,45T,141,29.2,3,349,4045,11.6,28,47,12,86T,175,50.1,6,70,0,0,1,52,1068,410,690,205,75,25,17,1077,18,9,97,23T,40,85.1,30,100,2,1,0,0,0,0,10,0.1
Dolphins,2024,591,413,69.9,6.8,4036,22,10,94.1,221,37.4,37,3,80T,43,299,448,1795,4,12,8,3,61T,90,20.1,10,413,4036,9.8,22,37,3,80,221,53.5,4,34,2,212,77,31,15,1123,572,365,63.8,6.7,3829,22,10,88.7,190,33.2,42,6,71T,405,1763,4.4,12,10,2,49T,97,24,5,365,3829,10.5,22,42,6,71T,190,52,1,69,0,0,0,35,1003,396,588,209,75,20,10,1054,8,6,21,7,37,90.2,26,92.9,0,0,0,0,0,0,11,0.090909091
Eagles,2024,448,303,67.6,7.8,3517,24,6,103.4,168,37.5,49,12,67,45,323,621,3048,4.9,29,25,7,72T,164,26.4,6,303,3517,11.6,24,49,12,67,168,55.4,2,54,3,235,98,27,19,1150,542,337,62.2,6,3266,22,13,82.5,160,29.5,35,7,70T,416,1771,4.3,9,6,0,39,108,26,15,337,3266,9.7,22,35,7,70T,160,47.5,6,90,0,0,1,41,980,373,612,211,75,30,19,1031,22,13,166,69T,28,77.8,47,97.9,0,0,1,1,1,1,5,0.2
Falcons,2024,559,364,65.1,7.7,4283,21,19,86.6,198,35.4,54,8,60,32,215,495,2219,4.5,18,10,0,37,133,26.9,6,364,4283,11.8,21,54,8,60T,198,54.4,3,43,2,209,82,31,21,1121,578,404,69.9,6.9,4004,34,12,100.2,200,34.6,44,8,67,458,2051,4.5,11,8,1,56,131,28.6,9,404,4004,9.9,34,44,8,67,200,49.5,6,66,1,1,3,31,1092,415,666,212,96,26,14,1105,12,6,187,55,29,70.7,38,100,0,0,0,0,0,0,19,0.052631579
Giants,2024,591,366,61.9,6,3521,15,13,77.8,170,28.8,34,4,59T,48,293,424,1783,4.2,13,12,3,45T,104,24.5,6,366,3521,9.6,15,34,4,59,170,46.4,3,30,1,232,82,37,20,1091,503,349,69.4,7.7,3869,23,5,103,177,35.2,49,7,55T,503,2316,4.6,18,19,5,56,129,25.6,9,349,3869,11.1,23,49,7,55T,177,50.7,5,60,0,0,0,45,1152,502,610,216,87,21,12,1088,16,10,52,26,23,82.1,22,95.6,1,0,0,0,0,0,30,0.033333333
Jaguars,2024,546,343,62.8,6.8,3717,19,15,83,174,31.9,54,8,85,32,240,414,1729,4.2,13,8,2,65T,106,25.6,5,343,3717,10.8,19,54,8,85T,174,50.7,5,34,4,204,76,26,14,1021,580,389,67.1,7.9,4605,29,6,103.4,219,37.8,71,14,80T,511,2254,4.4,19,12,0,38T,137,26.8,3,389,4605,11.8,29,71,14,80T,219,56.3,0,74,1,0,0,34,1132,419,697,225,97,24,14,1165,5,3,41,22,27,93.1,27,100,0,1,0,0,0,0,17,0.058823529
Jets,2024,607,385,63.4,6.6,4016,31,11,92,201,33.1,52,7,71,40,302,363,1561,4.3,8,6,1,42T,83,22.9,7,385,4016,10.4,31,52,7,71,201,52.2,3,40,5,210,83,24,10,1037,521,327,62.8,6.9,3588,18,7,89,171,32.8,49,7,69T,504,2059,4.1,22,7,1,61,129,25.6,7,327,3588,11,18,49,7,69T,171,52.3,3,57,0,0,0,43,1070,383,665,215,83,21,16,1111,14,10,18,18,20,71.4,28,90.3,1,0,0,0,0,0,12,0.083333333
Lions,2024,551,399,72.4,8.6,4718,39,12,112.6,242,43.9,62,11,82,33,244,534,2488,4.7,29,14,3,70T,144,27,3,399,4718,11.8,39,62,11,82,242,60.6,2,70,1,206,98,33,22,1147,610,373,61.2,7.2,4404,18,16,82,198,32.5,62,10,64,369,1672,4.5,18,9,2,58,86,23.3,7,373,4404,11.8,18,62,10,64,198,53.1,7,81,0,0,1,37,933,317,604,185,60,29,12,1051,13,7,155,47,26,89.7,64,95.5,0,1,1,0,0,0,4,0.25
Packers,2024,479,308,64.3,8.2,3939,28,11,99.8,171,35.7,59,14,70T,22,132,526,2496,4.8,23,15,0,38,142,27,8,308,3939,12.8,28,59,14,70,171,55.5,2,52,3,190,75,16,8,1065,565,381,67.4,7,3959,23,17,88.5,200,35.4,48,1,67T,426,1689,4,13,9,0,39T,104,24.4,6,381,3959,10.4,23,48,1,67T,200,52.5,7,56,0,0,1,45,1059,408,646,208,78,30,18,1063,16,14,288,48T,32,84.2,46,100,0,0,0,0,0,0,9,0.111111111
Panthers,2024,547,341,62.3,6.2,3411,22,15,82,168,30.7,43,3,83T,36,223,410,1878,4.6,18,13,0,38T,99,24.2,4,341,3411,10,22,43,3,83,168,49.3,6,40,1,211,76,30,14,1019,530,360,67.9,7.6,4043,35,9,105.4,205,38.7,51,7,63T,592,3057,5.2,24,15,4,46,179,30.2,6,360,4043,11.2,35,51,7,63T,205,56.9,4,68,0,0,0,32,1224,531,691,223,112,15,9,1196,8,8,96,33,22,84.6,33,94.3,0,0,0,0,0,0,32,0.03125
Patriots,2024,529,342,64.6,6.3,3343,18,11,85,167,31.6,34,3,50,52,348,446,1969,4.4,11,9,2,45T,101,22.6,14,342,3343,9.8,18,34,3,50,167,48.8,4,30,3,215,75,24,14,1060,533,346,64.9,7,3749,27,7,96.9,189,35.5,45,6,69T,507,2233,4.4,16,10,4,59,127,25,11,346,3749,10.8,27,45,6,69T,189,54.6,2,73,1,0,0,28,1118,463,628,215,93,21,11,1103,14,5,49,35,26,78.8,25,96.2,0,0,0,0,0,0,31,0.032258065
Raiders,2024,635,410,64.6,6.5,4117,19,16,82.4,209,32.9,50,4,58,50,320,380,1357,3.6,10,4,1,40T,78,20.5,10,410,4117,10,19,50,4,58,209,51,0,30,2,224,78,25,14,1111,561,370,66,7.1,3989,29,10,96.5,194,34.6,47,5,62T,454,1987,4.4,14,15,3,61,102,22.5,4,370,3989,10.8,29,47,5,62T,194,52.4,3,81,0,0,1,38,1082,442,620,221,88,13,10,1090,6,3,130,35T,34,85,23,92,0,0,0,0,0,0,29,0.034482759
Rams,2024,559,367,65.6,7.3,4096,22,9,93.7,192,34.4,51,7,69T,31,228,450,1765,3.9,15,3,0,30,119,26.4,7,367,4096,11.2,22,51,7,69T,192,52.3,1,41,0,201,74,24,16,1074,542,354,65.3,7.6,4101,29,13,95.9,196,36.2,57,7,66T,477,2210,4.6,13,9,3,72T,117,24.5,3,354,4101,11.6,29,57,7,66T,202,57.1,2,73,1,1,2,38,1111,474,586,204,83,17,9,1090,10,7,145,103,29,85.3,32,88.9,0,0,1,0,0,0,15,0.066666667
Ravens,2024,477,318,66.7,8.8,4189,41,4,119.4,199,41.7,56,14,84T,24,154,554,3189,5.8,21,29,7,87,164,29.6,9,318,4189,13.2,41,56,14,84,199,62.6,1,65,1,191,92,15,8,1085,625,396,63.4,7.2,4468,27,12,91.1,218,34.9,58,6,70T,383,1361,3.6,12,3,0,25T,69,18,5,396,4468,11.3,27,58,6,70T,218,55,4,82,0,0,2,54,1029,399,618,226,90,28,12,1095,12,5,102,37,22,73.3,60,96.8,0,0,1,0,0,0,3,0.333333333
Saints,2024,551,340,61.7,6.8,3730,21,12,85.3,167,30.3,47,8,71,37,242,444,1954,4.4,15,7,1,75,111,25,2,340,3730,11,21,47,8,71,167,49.1,6,37,1,216,76,27,15,1063,591,366,61.9,7.3,4295,19,14,84.8,194,32.8,56,10,89T,489,2404,4.9,20,18,1,65T,133,27.2,5,366,4295,11.7,19,55,10,89T,194,53,2,93,0,1,0,39,1079,389,709,224,92,27,14,1161,12,3,169,47,27,87.1,31,93.9,0,1,0,0,0,0,28,0.035714286
Seahawks,2024,593,413,69.6,7.4,4379,21,16,91.4,211,35.6,51,4,71T,54,359,383,1627,4.2,17,12,1,51,88,23,5,413,4379,10.6,21,51,4,71T,211,51.1,4,43,0,210,79,19,10,1060,569,371,65.2,6.9,3930,26,13,90.9,193,33.9,48,6,76T,451,2053,4.6,11,10,2,76,107,23.7,10,371,3930,10.6,26,48,6,76T,193,52,1,74,2,1,2,45,1095,434,656,224,83,20,10,1099,14,4,268,92,26,86.7,37,92.5,1,0,0,0,0,0,22,0.045454545
Steelers,2024,499,321,64.3,7.2,3607,21,6,94.8,158,31.7,55,8,55T,49,343,533,2166,4.1,14,11,0,36T,122,22.9,8,321,3607,11.2,21,55,8,55,158,49.2,5,37,0,228,90,18,7,1125,582,382,65.6,7.1,4151,23,17,87.5,193,33.2,47,9,57,412,1678,4.1,14,10,3,45T,108,26.2,6,382,4151,10.9,23,47,9,57,193,50.5,4,77,1,0,0,40,1038,403,641,204,72,22,15,1067,22,15,209,49,41,93.2,35,100,0,1,0,0,0,0,18,0.055555556
Texans,2024,570,357,62.6,6.9,3952,20,12,86.1,197,34.6,45,6,67T,54,426,434,1909,4.4,15,13,4,92,89,20.5,5,357,3952,11.1,20,45,6,67,197,55.2,4,38,0,231,87,18,11,1101,554,326,58.8,6.8,3753,31,19,83.7,172,31,49,12,70T,447,1938,4.3,11,13,2,58,107,23.9,8,326,3753,11.5,31,49,12,70T,172,52.8,3,90,2,1,1,49,989,349,640,220,79,26,17,1077,11,9,275,68T,36,85.7,34,94.4,0,0,1,0,0,0,7,0.142857143
Titans,2024,530,336,63.4,6.8,3621,22,21,80.7,164,30.9,43,9,98T,52,304,450,1855,4.1,11,8,1,41,112,24.9,11,336,3621,10.8,22,43,9,98,164,48.8,3,33,3,215,81,23,9,1059,473,314,66.4,6.8,3216,27,11,95.1,157,33.2,42,4,57,503,2277,4.5,21,18,5,92T,118,23.5,5,314,3216,10.2,27,42,4,57,157,50,3,53,0,2,0,32,1058,414,634,213,88,13,10,1039,10,6,86,30,25,92.6,28,100,0,0,0,0,0,0,25,0.04
Vikings,2024,548,364,66.4,8,4379,35,12,102.9,210,38.3,64,10,97T,49,336,457,1855,4.1,9,6,2,58,100,21.9,6,364,4379,12,35,64,10,97,210,57.7,4,47,0,200,80,13,6,1096,637,415,65.2,7,4459,24,24,82.4,218,34.2,51,4,98T,392,1588,4,12,5,2,47,83,21.2,5,415,4459,10.7,24,51,4,98T,218,52.5,2,94,1,0,2,49,1074,415,625,219,78,35,13,1108,12,9,140,63T,35,83.3,45,97.8,0,0,0,0,0,0,23,0.043478261
49ers,2023,491,336,68.4,9.3,4577,33,12,110.2,207,42.2,75,15,76T,34,193,499,2389,4.8,27,11,3,72,147,29.5,5,336,4577,13.6,33,75,15,76,207,61.6,3,61,0,179,85,13,7,1024,621,410,66,6.4,3949,20,22,79.6,190,30.6,45,5,60T,369,1525,4.1,10,10,2,49T,97,26.3,4,410,3949,9.6,20,45,5,60T,190,46.3,6,84,0,1,1,48,1018,334,636,215,88,28,14,1038,10,6,309,66T,21,84,60,98.4,0,0,1,1,1,0,3,0.333333333
Bears,2023,513,321,62.6,6.7,3421,19,15,82.2,169,32.9,48,5,58,50,325,534,2399,4.5,16,13,0,39T,137,25.7,5,321,3421,10.7,19,48,5,58T,169,52.6,4,37,1,238,98,26,13,1097,617,410,66.4,6.9,4245,31,22,88,196,31.8,48,10,75T,388,1468,3.8,8,6,0,36,88,22.7,6,410,4245,10.4,31,48,10,75T,196,47.8,4,83,0,0,2,30,1022,353,615,222,98,23,10,1035,13,6,245,45,35,92.1,31,93.9,0,0,0,0,0,0,25,0.04
Bengals,2023,615,420,68.3,6.9,4257,27,14,93,208,33.8,46,10,80,50,362,383,1527,4,12,7,1,44,90,23.5,1,420,4257,10.1,27,46,10,80,208,49.5,3,41,1,218,82,20,9,1048,555,364,65.6,8.1,4480,23,17,91.4,201,36.2,65,11,86T,456,2145,4.7,17,17,1,41,127,27.8,6,364,4480,12.3,23,65,11,86T,201,55.2,4,74,0,0,1,44,1078,395,619,213,87,15,7,1055,11,9,152,30,26,83.9,40,100,0,1,0,0,0,0,4,0.25
Bills,2023,579,385,66.5,7.4,4306,29,18,92.2,199,34.4,49,9,81T,24,152,512,2212,4.3,22,9,1,42,158,30.9,9,385,4306,11.2,29,49,9,81,199,51.7,6,54,3,219,109,16,9,1115,552,363,65.8,6.7,3676,18,18,81.9,183,33.2,44,1,48,409,1880,4.6,14,13,2,83,96,23.5,4,363,3676,10.1,18,44,1,48,183,50.4,7,79,0,0,2,54,1014,321,642,215,83,19,10,1015,14,11,148,40,24,82.8,49,98,0,1,1,0,0,0,5,0.2
Broncos,2023,513,337,65.7,7,3566,28,9,96.7,154,30,44,13,60,52,304,451,1810,4,8,9,0,38,116,25.7,5,337,3566,10.6,28,44,13,60,154,45.7,7,38,4,220,81,20,13,1016,572,382,66.8,7.5,4302,29,11,98,201,35.1,56,8,68T,469,2331,5,15,17,5,72T,119,25.4,12,382,4302,11.3,29,56,8,68T,201,52.6,2,62,1,1,0,42,1103,380,649,202,67,34,16,1083,19,15,85,33,30,88.2,29,93.6,1,0,0,0,0,0,21,0.047619048
Browns,2023,624,355,56.9,6.4,4011,24,23,73.7,173,27.7,53,15,75,45,318,518,2017,3.9,15,9,3,69,121,23.4,9,355,4011,11.3,24,53,15,75,173,48.7,5,42,6,253,80,32,18,1187,535,307,57.4,5.9,3149,23,18,74.7,136,25.4,39,7,75T,420,1793,4.3,15,18,3,74T,87,20.7,5,307,3149,10.3,23,39,7,75T,136,44.3,2,92,1,0,2,49,924,266,649,230,67,15,6,1004,14,10,135,34,34,91.9,30,90.9,0,0,0,0,0,0,13,0.076923077
Buccaneers,2023,568,364,64.1,7.1,4044,28,10,94.2,188,33.1,60,12,75T,40,232,439,1509,3.4,8,5,0,38T,79,18,4,364,4044,11.1,28,60,12,75,188,51.6,7,37,2,236,98,18,12,1047,611,404,66.1,7.5,4568,23,13,92,213,34.9,65,9,76T,422,1620,3.8,11,5,0,29,101,23.9,8,404,4568,11.3,23,65,9,76T,213,52.7,6,64,0,1,1,48,1087,379,664,225,92,25,12,1081,18,12,93,28T,29,93.6,33,100,0,0,1,0,0,0,30,0.033333333
Cardinals,2023,555,355,64,6.2,3430,18,12,82.9,173,31.2,38,3,69T,42,286,471,2365,5,17,23,5,49,127,27,9,355,3430,9.7,18,38,3,69,173,48.7,2,36,4,225,88,34,15,1068,506,347,68.6,7.6,3846,32,11,102.9,198,39.1,49,10,63T,521,2434,4.7,19,12,1,56,141,27.1,4,347,3846,11.1,32,49,10,63T,198,57.1,2,66,1,0,0,33,1105,391,633,205,97,15,7,1060,6,6,98,46,28,84.8,22,95.6,0,0,0,0,0,0,32,0.03125
Chargers,2023,632,409,64.7,6.8,4312,24,8,91.8,204,32.3,55,7,79,43,355,431,1642,3.8,11,9,3,55T,89,20.6,6,409,4312,10.5,24,55,7,79,204,49.9,8,36,1,237,91,32,15,1106,598,389,65,7.7,4580,26,9,96.4,203,34,61,14,70,467,1924,4.1,18,11,1,75T,110,23.6,8,389,4580,11.8,26,61,14,70,203,52.2,3,83,0,0,0,48,1084,326,690,232,89,32,19,1113,15,12,31,9,31,93.9,35,100,0,1,0,0,0,0,12,0.083333333
Chiefs,2023,635,421,66.3,6.9,4383,28,17,89.6,216,34,52,8,67T,28,195,417,1784,4.3,9,10,1,48T,107,25.7,2,421,4383,10.4,28,52,8,67,216,51.3,7,39,0,220,96,20,10,1080,556,340,61.2,6,3352,19,8,83.6,169,30.4,39,3,60,432,1925,4.5,10,7,4,63T,107,24.8,7,340,3352,9.9,19,39,3,60,169,49.7,6,72,2,0,0,57,992,300,661,224,83,28,13,1045,15,9,69,24,33,94.3,38,100,0,0,1,1,1,1,1,1
Colts,2023,574,355,61.8,6.8,3882,18,10,85,178,31,45,11,75,41,216,479,2059,4.3,19,14,4,56,113,23.6,4,355,3882,10.9,18,45,11,75,178,50.1,3,42,4,232,82,32,16,1094,568,370,65.1,7.3,4157,21,15,88.2,192,33.8,54,8,75T,518,2105,4.1,22,11,1,69T,123,23.8,7,370,4157,11.2,21,54,8,75T,192,51.9,4,69,1,1,3,51,1160,388,706,240,89,26,17,1137,17,9,256,66,33,80.5,35,97.2,0,0,0,0,0,0,27,0.037037037
Commanders,2023,636,407,64,6.6,4174,24,21,81.6,190,29.9,48,5,51T,65,449,359,1592,4.4,14,8,0,29,99,27.6,6,407,4174,10.3,24,48,5,51,190,46.7,5,39,3,216,77,29,16,1060,598,396,66.2,7.7,4627,39,8,105.7,218,36.4,60,12,78T,480,2155,4.5,15,14,1,64T,121,25.2,8,396,4627,11.7,39,60,12,78T,218,55,3,78,0,0,0,39,1116,402,659,226,94,21,13,1117,10,10,85,52,19,79.2,32,91.4,0,0,0,0,0,0,24,0.041666667
Cowboys,2023,614,428,69.7,7.6,4660,36,10,104.6,229,37.3,64,7,92T,40,263,468,1920,4.1,14,12,1,46,113,24.2,4,428,4660,10.9,36,64,7,92,229,53.5,6,57,4,230,111,23,13,1122,509,308,60.5,6.8,3481,21,17,80.8,166,32.6,47,7,73T,459,1910,4.2,14,9,2,45T,108,23.5,8,308,3481,11.3,21,47,7,73T,166,53.9,5,74,1,1,5,46,1022,371,583,211,79,37,19,1014,14,8,249,63T,36,94.7,49,94.2,0,0,0,0,0,0,6,0.166666667
Dolphins,2023,566,393,69.4,8.3,4698,30,15,101.2,223,39.4,59,12,78,31,184,456,2308,5.1,27,17,8,76T,113,24.8,13,393,4698,12,30,59,12,78,223,56.7,4,61,0,202,85,25,11,1053,568,380,66.9,7.3,4132,27,15,93,186,32.8,57,10,75T,433,1650,3.8,15,6,2,55,109,25.2,5,380,4132,10.9,27,57,10,75T,186,49,6,81,0,0,4,56,1069,361,632,216,84,30,14,1057,15,12,270,99,24,85.7,58,98.3,0,0,0,0,0,0,9,0.111111111
Eagles,2023,563,369,65.5,7.2,4067,24,16,89.2,197,35,50,7,63T,39,233,510,2190,4.3,22,11,1,43,149,29.2,9,369,4067,11,24,50,7,63,197,53.4,4,49,1,225,108,26,19,1112,652,425,65.2,7,4551,35,9,97.6,222,34,56,6,69T,410,1758,4.3,13,8,0,29,111,27.1,5,425,4551,10.7,35,56,6,69T,222,52.2,6,74,1,1,2,43,1041,345,690,233,108,34,19,1105,16,8,207,99,30,93.8,45,97.8,0,0,0,0,0,0,2,0.5
Falcons,2023,530,327,61.7,7.1,3775,17,17,80.5,181,34.2,46,10,75,40,251,522,2159,4.1,14,11,0,38,121,23.2,13,327,3775,11.5,17,46,10,75,181,55.4,2,32,2,225,90,19,8,1092,549,340,61.9,6.8,3707,24,8,90.3,183,33.3,49,6,61T,499,2009,4,11,14,0,38,105,21,9,340,3707,10.9,24,49,6,61T,183,53.8,3,66,0,1,1,42,1123,422,645,228,77,23,11,1090,19,8,124,92T,32,86.5,27,96.4,0,0,0,0,0,0,17,0.058823529
Giants,2023,518,338,65.2,6.5,3351,15,12,83.4,141,27.2,44,7,80T,85,465,454,1874,4.1,10,12,0,36,97,21.4,8,338,3351,9.9,15,44,7,80,141,41.7,3,29,1,248,75,37,18,1057,582,371,63.8,7.1,4157,21,18,84.1,191,32.8,43,10,80,475,2251,4.7,24,15,1,76T,134,28.2,6,371,4157,11.2,21,43,10,80,191,51.5,8,81,0,0,3,34,1060,364,677,216,80,19,10,1091,19,13,404,102,22,71,24,96,0,1,0,0,0,0,18,0.055555556
Jaguars,2023,620,412,66.4,7.1,4377,22,14,89.3,199,32.1,51,10,65T,41,251,453,1646,3.6,17,9,1,62T,98,21.6,5,412,4377,10.6,22,51,10,65,199,48.3,8,41,3,228,87,29,13,1114,617,404,65.5,7.1,4355,27,16,89.8,198,32.1,47,13,76T,421,1752,4.2,15,13,1,69,99,23.5,4,404,4355,10.8,27,47,13,76T,198,49,5,84,0,0,2,40,1060,366,647,230,84,41,21,1078,12,11,264,61,30,81.1,35,100,0,0,0,0,0,0,10,0.1
Jets,2023,601,356,59.2,5.6,3373,11,15,70.5,156,26,37,3,68T,64,454,388,1647,4.2,7,9,4,83,77,19.8,11,356,3373,9.5,11,37,3,68,156,43.8,2,22,3,235,61,29,17,1053,522,313,60,6.1,3182,19,17,76,150,28.7,39,7,81T,517,2108,4.1,14,10,2,48T,111,21.5,13,313,3182,10.2,19,39,7,81T,150,47.9,5,91,1,3,2,48,1101,392,666,242,90,16,7,1087,14,10,212,51,36,92.3,16,94.1,0,1,0,0,0,0,8,0.125
Lions,2023,606,408,67.3,7.6,4606,30,12,98.1,228,37.6,70,9,70T,31,205,500,2311,4.6,27,15,3,75,124,24.8,7,408,4606,11.3,30,70,9,70,228,55.9,4,58,3,224,93,40,21,1137,588,371,63.1,7.8,4562,28,16,91.5,209,35.5,69,9,92T,408,1509,3.7,15,5,0,37,91,22.3,4,371,4562,12.3,28,69,9,92T,209,56.3,3,79,0,1,1,41,976,314,631,202,75,26,15,1037,13,6,209,50T,19,90.5,48,92.3,0,0,1,1,0,0,11,0.090909091
Packers,2023,581,374,64.4,7.2,4210,32,11,96.4,211,36.3,56,7,77,30,242,441,1905,4.3,10,13,1,40T,101,22.9,6,374,4210,11.3,32,56,7,77,211,56.4,5,44,2,223,105,24,12,1052,523,342,65.4,7.3,3803,21,7,94.7,189,36.1,56,3,52T,493,2181,4.4,15,16,1,40,120,24.3,5,342,3803,11.1,21,56,3,52T,189,55.3,1,68,1,0,1,45,1096,395,658,224,92,30,14,1061,10,11,68,37T,27,81.8,34,87.2,0,0,1,0,0,0,22,0.045454545
Panthers,2023,586,350,59.7,5.5,3245,13,10,75.2,150,25.6,31,5,48T,65,504,445,1769,4,7,9,1,48T,111,24.9,5,350,3245,9.3,13,31,5,48T,150,42.9,7,23,3,249,85,48,23,1096,481,309,64.2,6.5,3109,19,8,88.8,162,33.7,39,9,75T,508,2081,4.1,25,12,3,62T,122,24,4,309,3109,10.1,19,39,9,75T,162,52.4,3,64,0,0,2,27,1061,414,597,221,84,10,7,1016,5,3,203,99,25,83.3,17,85,0,1,0,0,0,0,26,0.038461538
Patriots,2023,557,351,63,6.1,3392,16,21,73.8,153,27.5,34,4,58T,48,323,415,1627,3.9,9,3,1,64,93,22.4,3,351,3392,9.7,16,34,4,58,153,43.6,5,27,0,222,67,25,9,1020,575,370,64.4,6.6,3791,19,10,87,181,31.5,48,6,51,480,1584,3.3,14,6,3,50T,100,20.8,11,370,3791,10.2,19,48,6,51,181,48.9,3,66,1,1,0,36,1118,403,679,237,86,19,10,1091,15,8,96,32,16,64,24,96,1,0,0,0,0,0,20,0.05
Raiders,2023,557,348,62.5,6.6,3666,20,18,80.1,182,32.7,35,5,50T,40,286,413,1542,3.7,11,7,3,63,83,20.1,5,348,3666,10.5,20,35,5,50,182,52.3,3,36,2,216,77,23,14,1010,564,376,66.7,6.9,3900,21,13,89.3,187,33.2,43,11,79T,479,2015,4.2,15,10,1,51,117,24.4,6,376,3900,10.4,21,43,11,79T,187,49.7,4,56,2,1,3,46,1127,407,681,227,94,26,14,1089,14,9,268,75,26,86.7,32,100,0,0,0,0,0,0,29,0.034482759
Rams,2023,583,361,61.9,7.4,4300,26,13,90,206,35.3,64,8,80,34,237,477,2045,4.3,18,11,1,56,110,23.1,2,361,4300,11.9,26,64,8,80,206,57.1,4,44,4,226,95,21,13,1094,604,367,60.8,7,4195,24,10,88,193,32,57,10,80T,433,1816,4.2,14,10,1,51,108,24.9,7,367,4195,11.4,24,57,10,80T,193,52.6,2,76,0,2,0,41,1063,407,586,228,88,30,16,1078,7,5,100,42,32,74.4,32,86.5,0,0,0,0,0,0,28,0.035714286
Ravens,2023,494,328,66.4,7.9,3881,27,7,102.5,180,36.4,52,9,80T,41,246,541,2661,4.9,26,21,4,60,144,26.6,7,328,3881,11.8,27,52,9,80,180,54.9,6,55,2,207,87,14,8,1076,634,384,60.6,5.9,3717,18,18,74.6,175,27.6,46,6,71T,415,1860,4.5,6,10,3,63,96,23.1,4,384,3717,9.7,18,46,6,71T,175,45.6,3,92,0,1,1,60,1074,357,664,250,91,32,13,1109,16,13,258,52T,32,86.5,51,98.1,0,1,1,1,0,0,7,0.142857143
Saints,2023,606,406,67,7,4225,28,11,94.8,199,32.8,52,11,58T,35,235,480,1742,3.6,13,4,0,29,112,23.3,6,406,4225,10.4,28,52,11,58T,199,49,0,44,4,235,91,19,9,1121,558,333,59.7,6.8,3768,22,18,79.6,167,29.9,48,9,71T,462,2038,4.4,10,11,3,48,100,21.6,4,333,3768,11.3,22,48,9,71T,167,50.2,4,99,1,0,1,34,1037,394,592,226,78,26,11,1054,8,11,185,74,30,81.1,40,100,0,1,0,0,0,0,15,0.066666667
Seahawks,2023,575,371,64.5,7.2,4167,23,12,90.7,189,32.9,56,6,73T,38,257,382,1580,4.1,11,13,1,45T,93,24.4,2,371,4167,11.2,23,56,6,73,189,50.9,0,37,2,207,75,16,6,995,585,390,66.7,7.3,4259,21,11,92.1,202,34.5,57,10,54T,515,2352,4.6,24,18,4,72,143,27.8,3,390,4259,10.9,21,57,10,54T,202,51.8,5,77,0,0,3,47,1182,436,689,231,107,26,13,1147,13,8,177,97,35,83.3,33,100,0,0,0,0,0,0,14,0.071428571
Steelers,2023,506,323,63.8,6.8,3421,13,9,84.6,153,30.2,41,9,86,36,258,487,2010,4.1,16,14,1,74T,115,23.6,9,323,3421,10.6,13,41,9,86,153,47.4,6,31,1,232,85,19,9,1029,573,348,60.7,7.3,4164,23,16,84.7,186,32.5,63,6,80T,454,1956,4.3,9,9,3,69,95,20.9,8,348,4164,12,23,63,6,80T,186,53.4,6,80,1,1,1,47,1046,335,649,233,91,18,8,1074,19,11,184,32T,29,93.6,27,96.4,0,0,0,0,0,0,19,0.052631579
Texans,2023,592,372,62.8,7.7,4578,27,8,96.2,215,36.3,69,10,75,47,405,444,1647,3.7,10,4,0,24,84,18.9,5,372,4578,12.3,27,69,10,75,215,57.8,3,40,2,232,88,21,8,1083,565,382,67.6,7.7,4334,17,14,90.1,185,32.7,60,15,75T,468,1643,3.5,19,5,1,49T,110,23.5,5,382,4334,11.4,17,60,15,75T,185,48.4,6,70,1,0,0,46,1141,421,640,227,81,29,16,1079,15,10,63,33,34,89.5,31,93.9,2,0,1,0,0,0,31,0.032258065
Titans,2023,494,304,61.5,7.1,3512,14,11,83.2,158,32,54,10,70,64,445,444,1846,4.2,16,10,2,69,103,23.2,6,304,3512,11.6,14,54,10,70,158,52,2,31,1,212,71,20,11,1002,571,387,67.8,7.3,4181,20,6,96.4,189,33.1,52,11,59T,480,1831,3.8,10,7,1,56T,103,21.5,3,387,4181,10.8,20,52,11,59T,189,48.8,2,55,0,0,1,45,1157,404,674,231,89,21,12,1096,13,8,86,44T,29,96.7,28,93.3,0,0,0,0,0,0,23,0.043478261
Vikings,2023,631,424,67.2,7.4,4700,30,19,92.4,220,34.9,74,7,62T,47,341,393,1553,4,7,5,0,31,79,20.1,9,424,4700,11.1,30,74,7,62,220,51.9,4,39,1,223,85,29,17,1071,606,426,70.3,7.1,4288,23,11,95.2,208,34.3,51,7,70T,446,1678,3.8,14,2,1,43,104,23.3,7,426,4288,10.1,23,51,7,70T,208,48.8,9,67,2,0,0,43,1158,421,681,232,96,25,18,1095,22,11,112,43,24,80,36,94.7,0,0,0,0,0,0,16,0.0625
49ers,2022,512,338,66,7.9,4049,30,9,102.2,188,36.7,56,6,57,31,193,504,2360,4.7,20,19,4,71,132,26.2,7,338,4049,12,30,56,6,57,188,55.6,4,53,0,211,95,17,7,1047,593,389,65.6,6.9,4096,20,20,82.7,188,31.7,48,11,77T,389,1321,3.4,11,2,0,25T,77,19.8,5,389,4096,10.5,20,48,11,77T,188,48.3,3,78,1,0,2,44,1017,355,632,218,85,25,10,1026,16,10,305,56,27,84.4,51,96.2,0,0,1,1,0,0,4,0.25
Bears,2022,377,223,59.2,6.9,2598,19,15,80.3,109,28.9,38,7,56,58,379,558,3014,5.4,18,20,8,67,148,26.5,10,223,2598,11.6,19,38,7,56,109,48.9,6,37,1,220,90,25,8,993,481,323,67.2,8,3840,22,14,94.4,184,38.2,50,10,68,542,2674,4.9,31,20,4,58,151,27.9,13,323,3840,11.9,22,50,10,68,184,57,4,50,0,0,0,20,1070,355,666,204,100,15,6,1043,14,9,201,42,25,92.6,27,84.4,0,0,0,0,0,0,32,0.03125
Bengals,2022,610,418,68.5,7.4,4520,35,12,101,221,36.2,54,10,60T,44,280,399,1528,3.8,14,7,1,40,96,24.1,0,418,4520,10.8,35,54,10,60,221,52.9,2,50,3,206,95,12,3,1053,559,329,58.9,6.8,3828,17,13,80.1,173,31,53,9,75T,407,1706,4.2,12,6,1,44T,102,25.1,4,329,3828,11.6,17,53,9,75T,173,52.6,6,75,1,0,0,30,962,362,570,212,84,23,9,996,14,10,133,46,24,82.8,40,90.9,0,0,1,1,0,0,5,0.2
Bills,2022,574,361,62.9,7.5,4291,35,14,95.8,212,36.9,51,12,98T,33,162,430,2232,5.2,15,20,2,44T,128,29.8,12,361,4291,11.9,35,51,12,98,212,58.7,3,53,2,193,97,13,7,1037,570,362,63.5,6.5,3721,21,17,82.1,181,31.8,48,7,67T,387,1673,4.3,10,8,2,81T,103,26.6,9,362,3721,10.3,21,48,7,67T,181,50,1,90,0,2,1,40,965,297,628,208,78,33,19,997,11,10,165,43T,27,87.1,48,96,2,0,1,0,0,0,1,1
Broncos,2022,571,345,60.4,7,4007,18,15,81.2,166,29.1,55,12,67T,63,415,444,1935,4.4,11,7,1,52,105,23.6,10,345,4007,11.6,18,55,12,67,166,48.1,1,29,1,230,67,24,12,1078,605,392,64.8,6.3,3819,20,15,83.1,180,29.8,46,5,63T,438,1866,4.3,12,9,3,62T,109,24.9,7,392,3819,9.7,20,46,5,63T,180,45.9,5,67,0,1,0,36,1103,419,646,220,75,14,9,1079,16,8,89,23,28,77.8,25,92.6,0,0,0,0,0,0,8,0.125
Browns,2022,540,335,62,6.9,3710,19,12,84.9,182,33.7,44,5,55T,44,266,532,2490,4.7,19,21,1,41,142,26.7,4,335,3710,11.1,19,44,5,55,182,54.3,3,42,1,231,88,42,23,1116,519,315,60.7,6.8,3547,20,11,85.2,166,32,50,7,75T,488,2295,4.7,22,15,3,71,129,26.4,9,315,3547,11.3,20,50,7,75T,166,52.7,4,85,2,0,1,34,1028,367,620,215,85,18,8,1041,11,9,57,40T,24,75,35,94.6,0,1,0,0,0,0,22,0.045454545
Buccaneers,2022,751,499,66.4,6.3,4746,26,10,89.8,240,32,50,8,63T,22,160,386,1308,3.4,5,3,0,35,79,20.5,5,499,4746,9.5,26,49,8,63,240,48.1,5,32,2,246,92,27,15,1159,570,364,63.9,6.6,3792,29,10,92.7,186,32.6,44,9,69T,458,2052,4.5,12,16,2,60,103,22.5,6,364,3792,10.4,29,44,9,69T,186,51.1,8,59,0,0,1,45,1054,365,675,236,87,24,14,1073,12,10,140,68T,31,81.6,24,96,0,0,0,0,0,0,3,0.333333333
Cardinals,2022,664,433,65.2,6,3966,17,17,79.2,189,28.5,40,3,77,46,340,434,1873,4.3,15,9,2,45,115,26.5,11,433,3966,9.2,17,40,3,77,189,43.6,4,37,5,233,82,41,18,1144,593,414,69.8,7,4181,29,11,98.2,218,36.8,40,5,64,446,2016,4.5,21,15,1,44,124,27.8,11,414,4181,10.1,29,40,5,64,218,52.7,5,77,2,0,3,36,1100,383,663,203,87,16,8,1075,12,9,246,56,28,87.5,24,88.9,0,0,0,0,0,0,17,0.058823529
Chargers,2022,711,485,68.2,6.7,4791,26,10,93.3,232,32.6,50,7,55,39,207,404,1524,3.8,15,6,2,72T,93,23,6,485,4791,9.9,26,49,7,55T,232,47.8,6,42,2,257,112,29,15,1154,505,310,61.4,7.3,3693,24,14,88,175,34.6,54,10,60T,457,2478,5.4,17,18,7,75T,119,26,6,310,3693,11.9,24,54,10,60T,175,56.4,5,64,0,1,1,40,995,345,584,199,78,15,6,1002,15,10,166,30T,31,93.9,40,100,0,0,0,0,0,0,9,0.111111111
Chiefs,2022,651,435,66.8,8.1,5250,41,12,104.7,272,41.8,73,13,67,26,188,417,1970,4.7,18,10,1,52,105,25.2,8,435,5250,12.1,41,73,13,67,272,62.5,5,61,3,193,94,12,9,1094,619,408,65.9,6.7,4144,33,11,95.3,207,33.4,45,7,66T,419,1823,4.4,10,7,1,56,102,24.3,4,408,4144,10.2,33,44,7,66T,207,50.7,2,85,0,1,2,55,1082,404,651,222,85,35,20,1093,12,9,225,99,24,75,50,90.9,0,0,1,1,1,1,7,0.142857143
Colts,2022,604,398,65.9,6.4,3854,17,20,79.2,193,32,41,4,49,60,422,439,1866,4.2,8,9,1,66T,91,20.7,8,398,3854,9.7,17,41,4,49,193,48.5,8,28,1,228,75,26,12,1103,537,365,68,7.1,3836,25,10,96.2,184,34.3,48,8,64T,511,2109,4.1,20,14,3,61T,127,24.8,3,365,3836,10.5,25,48,8,64T,184,50.4,6,62,0,0,2,44,1110,369,711,224,85,25,13,1092,14,11,141,35,32,82,23,100,0,0,0,0,0,0,12,0.083333333
Commanders,2022,554,344,62.1,6.8,3783,24,16,84.7,184,33.2,46,10,75T,48,311,538,2143,4,9,8,0,33,124,23,8,344,3783,11,24,46,10,75,184,53.5,1,36,2,230,81,25,12,1140,514,308,59.9,6.9,3531,26,9,90.2,155,30.2,45,16,61,441,1926,4.4,10,14,4,71T,102,23.1,3,308,3531,11.5,26,46,16,61,155,50.3,6,68,1,1,2,43,969,354,591,210,67,25,12,998,8,9,68,37T,25,83.3,24,85.7,0,0,0,0,0,0,28,0.035714286
Cowboys,2022,556,355,63.8,7,3911,28,18,87.9,194,34.9,50,5,68T,27,175,531,2298,4.3,24,17,3,57,129,24.3,2,355,3911,11,28,50,5,68T,194,54.6,2,55,0,231,105,19,10,1114,550,345,62.7,6.8,3767,23,16,84.7,174,31.6,43,9,75T,497,2198,4.4,9,9,0,36T,119,23.9,10,345,3767,10.9,23,43,9,75T,174,50.4,3,59,3,0,0,54,1072,344,724,231,87,22,12,1101,22,17,60,26,29,90.6,50,94.3,0,0,1,0,0,0,14,0.071428571
Dolphins,2022,584,368,63,8.2,4765,30,15,95,220,37.7,62,14,84T,35,254,390,1686,4.3,12,10,1,67,93,23.8,5,368,4765,13,30,62,14,84,220,59.8,3,46,0,196,71,24,13,1009,624,416,66.7,6.9,4282,27,8,95.3,200,32,48,11,79,422,1751,4.2,15,8,5,79T,98,23.2,6,416,4282,10.3,27,48,11,79,200,48.1,5,71,2,1,0,40,1080,365,661,233,97,31,15,1086,13,6,115,33,26,81.2,41,93.2,0,0,0,0,0,0,19,0.052631579
Eagles,2022,536,350,65.3,8.1,4364,25,9,99,195,36.4,63,13,78T,44,259,544,2509,4.6,32,17,2,42T,161,29.6,7,350,4364,12.5,25,63,13,78,195,55.7,6,59,2,222,102,32,22,1124,556,350,63,6.4,3548,22,17,81.6,186,33.4,40,7,63T,446,2068,4.6,15,8,1,50,115,25.8,7,350,3548,10.1,22,40,7,63T,186,53.1,1,85,0,0,2,70,1043,345,682,223,86,25,15,1072,15,10,186,42,22,88,53,96.4,0,0,1,1,1,0,15,0.066666667
Falcons,2022,415,257,61.9,7,2927,17,9,87.7,148,35.7,37,5,75T,37,228,559,2718,4.9,17,17,4,44,152,27.2,8,257,2927,11.4,17,37,5,75T,148,57.6,4,38,3,196,82,18,9,1011,561,372,66.3,7.3,4090,26,10,95.7,200,35.6,53,10,68T,500,2214,4.4,15,10,2,57,136,27.2,6,372,4090,11,26,53,10,68T,200,53.8,4,69,0,1,1,21,1151,494,605,220,101,17,7,1082,8,6,124,28T,32,86.5,33,94.3,1,0,0,0,0,0,31,0.032258065
Giants,2022,520,346,66.5,6.6,3431,17,6,91.1,170,32.7,28,5,65,49,274,520,2519,4.8,21,15,2,68,150,28.8,5,346,3431,9.9,17,28,5,65,170,49.1,4,40,3,212,78,21,10,1089,568,349,61.4,6.9,3909,21,6,89.9,200,35.2,48,5,61,469,2451,5.2,16,16,5,49,134,28.6,7,349,3909,11.2,21,48,5,61,200,57.3,4,75,1,0,1,41,1081,393,633,205,72,17,11,1078,20,13,97,52T,29,90.6,32,94.1,0,0,1,0,0,0,26,0.038461538
Jaguars,2022,596,394,66.1,7,4148,25,9,93.9,208,34.9,55,3,59T,28,189,448,2116,4.7,16,15,6,62,114,25.4,9,394,4148,10.5,25,55,3,59,208,52.8,2,45,4,215,90,27,14,1072,601,385,64.1,7.1,4258,25,14,89.2,211,35.1,52,8,62,470,1951,4.2,14,10,1,50,114,24.3,9,385,4258,11.1,25,52,8,62,211,54.8,4,95,2,0,2,35,1099,391,673,220,95,31,10,1106,17,13,232,59,30,85.7,36,97.3,0,0,1,0,0,0,30,0.033333333
Jets,2022,627,357,56.9,6.4,4040,15,14,75,191,30.5,47,10,79,42,317,405,1686,4.2,13,11,2,62,79,19.5,4,357,4040,11.3,15,47,10,79,191,53.5,6,29,0,240,83,28,11,1074,556,347,62.4,6.3,3526,15,12,80.5,166,29.9,38,7,56T,492,2068,4.2,14,11,1,60,117,23.8,4,347,3526,10.2,15,38,7,56T,166,47.8,2,73,0,2,0,45,1111,395,667,244,93,26,11,1093,11,4,69,27,30,81.1,28,96.6,0,0,0,0,0,0,25,0.04
Lions,2022,588,383,65.1,7.6,4444,29,7,99.3,228,38.8,57,12,81,24,163,480,2179,4.5,23,12,7,58,114,23.8,5,383,4444,11.6,29,57,12,81,228,59.5,2,54,4,211,86,37,20,1092,560,353,63,7.9,4446,26,12,94.2,209,37.3,60,12,54,477,2491,5.2,22,22,4,67T,135,28.3,5,353,4446,12.6,26,59,12,54,209,59.2,7,62,0,1,1,39,1045,331,654,204,92,27,15,1076,14,10,157,38T,24,80,47,95.9,0,1,0,0,0,0,27,0.037037037
Packers,2022,563,364,64.6,6.9,3890,27,12,91.9,186,33,55,7,63,32,258,456,2113,4.6,12,10,1,46T,116,25.4,5,364,3890,10.7,27,56,7,63,186,51.1,8,42,2,200,79,31,12,1051,478,314,65.7,7.4,3553,22,17,88.3,163,34.1,45,14,84T,479,2372,5,18,17,3,55T,129,26.9,6,314,3553,11.3,22,45,14,84T,163,51.9,5,63,0,1,2,34,1016,349,642,194,73,19,11,991,12,7,351,75,25,86.2,37,94.9,1,0,0,0,0,0,6,0.166666667
Panthers,2022,457,267,58.4,7.1,3246,16,13,80.2,138,30.2,49,12,75,36,250,483,2210,4.6,16,15,3,60T,119,24.6,10,267,3246,12.2,16,49,12,75,138,51.7,4,36,1,202,64,21,12,976,580,383,66,7.1,4098,25,10,93.7,194,33.4,51,7,63T,488,2085,4.3,17,16,2,52,125,25.6,6,383,4098,10.7,25,51,7,63T,194,50.6,3,62,1,0,2,35,1104,404,687,231,95,18,8,1103,9,6,189,54,33,94.3,30,93.8,0,0,0,0,0,0,23,0.043478261
Patriots,2022,540,358,66.3,7.1,3815,19,14,87.7,166,30.7,57,9,53T,41,279,425,1812,4.3,12,11,2,49,98,23.1,8,358,3815,10.7,19,57,9,53,166,46.4,7,39,1,215,75,13,5,1006,596,364,61.1,6.8,4029,28,19,83.5,194,32.6,54,5,63,441,1793,4.1,7,8,0,38,90,20.4,5,364,4029,11.1,28,54,5,63,194,53.3,6,69,2,0,5,54,1095,414,635,241,97,27,10,1091,13,11,383,69,32,86.5,32,91.4,0,1,0,0,0,0,18,0.055555556
Raiders,2022,586,359,61.3,7.1,4182,28,17,86.7,193,32.9,58,10,60T,35,248,428,2059,4.8,12,9,2,86T,122,28.5,5,359,4182,11.6,28,58,10,60,193,53.8,5,43,0,208,83,24,13,1049,590,399,67.6,7.3,4321,25,6,98.8,206,34.9,58,5,67,460,2087,4.5,20,13,1,66T,126,27.4,7,399,4321,10.8,25,57,5,67,206,51.6,4,55,2,0,1,27,1083,391,650,206,86,20,11,1077,10,7,141,73T,34,91.9,35,97.2,0,0,0,0,0,0,11,0.090909091
Rams,2022,531,347,65.4,6.6,3506,16,15,82.3,181,34.1,38,4,75T,59,398,411,1661,4,15,8,1,42,89,21.6,5,347,3506,10.1,16,38,4,75,181,52.2,2,32,0,211,83,19,15,1001,556,375,67.4,7.4,4092,23,16,90.8,203,36.5,44,7,57T,455,1956,4.3,12,10,2,72T,106,23.3,5,375,4092,10.9,23,44,7,57T,203,54.1,1,58,0,0,1,38,1091,408,643,208,84,20,13,1049,10,6,240,85T,28,93.3,31,96.9,0,0,0,0,0,0,2,0.5
Ravens,2022,488,300,61.5,6.6,3202,19,13,82.5,149,30.5,33,6,75T,38,162,526,2720,5.2,14,18,3,79T,167,31.8,9,300,3202,10.7,19,33,6,75T,149,49.7,6,34,2,218,91,20,8,1052,593,394,66.4,7.2,4252,20,14,88.7,206,34.7,50,10,60T,406,1566,3.9,11,5,0,31,91,22.4,3,394,4252,10.8,20,50,10,60T,206,52.3,7,77,0,0,0,48,1037,337,663,209,73,24,15,1047,14,10,105,33,37,86,31,96.9,1,0,0,0,0,0,10,0.1
Saints,2022,512,338,66,7.8,3969,24,14,93.6,181,35.4,45,13,68T,38,277,465,1982,4.3,12,7,3,60,103,22.2,8,338,3969,11.7,24,45,13,68,181,53.6,7,37,3,219,88,11,4,1015,536,322,60.1,6.4,3413,17,7,83.8,159,29.7,34,8,78T,492,2218,4.5,14,10,3,69T,122,24.8,7,322,3413,10.6,17,34,8,78T,159,49.4,5,67,0,0,1,48,1064,376,659,233,97,19,8,1076,13,7,110,41T,23,74.2,33,100,0,0,0,0,0,0,13,0.076923077
Seahawks,2022,573,399,69.6,7.5,4282,30,12,100,206,36,50,6,54,46,348,425,2042,4.8,12,18,4,74,106,24.9,5,399,4282,10.7,30,50,6,54,206,51.6,4,44,0,201,76,21,12,1044,547,343,62.7,7.1,3891,23,14,87.3,188,34.4,53,5,81,525,2554,4.9,21,17,7,86T,130,24.8,6,343,3891,11.3,23,53,5,81,188,54.8,4,81,0,0,1,45,1104,355,720,227,96,28,11,1117,18,11,163,40T,34,91.9,41,97.6,0,0,0,0,0,0,24,0.041666667
Steelers,2022,571,364,63.8,6.4,3661,12,14,78.7,189,33.1,44,3,57T,38,250,500,2073,4.2,16,8,0,36,129,25.8,6,364,3661,10.1,12,44,3,57,189,51.9,2,29,3,236,106,15,11,1109,542,332,61.2,7.5,4066,29,20,86.8,196,36.2,55,7,98T,442,1838,4.2,7,12,1,44,95,21.5,6,332,4066,12.2,29,55,7,98T,196,59,2,82,0,0,1,40,1035,404,599,216,85,21,13,1024,9,3,152,34,34,77.3,26,100,0,0,0,0,0,0,21,0.047619048
Texans,2022,579,352,60.8,6.3,3642,20,19,76.8,159,27.5,55,7,58T,38,298,398,1476,3.7,7,7,2,75,90,22.6,10,352,3642,10.4,20,55,7,58,159,45.2,2,29,1,221,67,26,13,1015,522,336,64.4,7.2,3775,15,16,82.7,196,37.6,51,3,54T,573,2894,5,25,19,5,62T,150,26.2,14,336,3775,11.2,15,51,3,54T,196,58.3,3,65,0,1,1,39,1173,381,729,221,86,21,13,1134,14,11,253,39T,29,93.6,24,100,0,0,0,0,0,0,29,0.034482759
Titans,2022,456,285,62.5,7.1,3227,16,11,85.3,153,33.6,41,11,69T,49,313,487,2131,4.4,16,13,4,56,104,21.4,7,285,3227,11.3,16,41,11,69T,153,53.7,2,34,1,219,80,17,9,992,671,439,65.4,7.4,4935,29,14,93,215,32,63,9,75T,390,1307,3.4,9,5,1,68,93,23.8,12,439,4935,11.2,29,63,9,75T,215,49,1,78,0,0,1,39,1065,344,688,225,77,26,19,1100,11,6,149,76T,20,83.3,32,97,0,0,0,0,0,0,16,0.0625
Vikings,2022,672,448,66.7,7.2,4818,30,15,93.1,244,36.3,50,10,66,47,334,404,1661,4.1,18,5,3,81,93,23,5,448,4818,10.8,30,49,10,66,244,54.5,3,50,3,226,93,19,9,1123,617,408,66.1,7.7,4756,23,15,91.6,224,36.3,61,9,68T,463,2093,4.5,18,12,3,48,113,24.4,6,408,4756,11.7,23,61,9,68T,224,54.9,3,87,1,0,0,38,1097,341,719,215,82,29,11,1118,11,10,186,39,26,78.8,40,87,1,0,0,0,0,0,20,0.05
49ers,2021,514,343,66.7,8.6,4437,26,14,99.2,200,38.9,63,11,83,33,216,499,2166,4.3,22,12,1,49T,130,26,5,343,4437,12.9,26,63,11,83,200,58.3,9,50,2,199,80,20,10,1035,545,372,68.3,7.1,3874,25,9,97,180,33,54,11,91,439,1760,4,17,11,1,73T,97,22.1,11,372,3874,10.4,25,54,11,91,180,48.4,9,54,0,0,2,48,1053,381,680,220,88,25,11,1043,22,11,136,40,27,84.4,42,91.3,0,0,1,1,0,0,9,0.111111111
Bears,2021,542,332,61.2,6.7,3635,16,20,75.5,180,33.2,40,7,64T,58,428,475,2018,4.2,14,13,1,41T,119,25,5,332,3635,11,16,40,7,64,180,54.2,1,33,3,216,75,36,15,1075,477,314,65.8,7.6,3623,31,8,103.3,170,35.6,48,12,83,483,2127,4.4,14,12,0,39,116,24,5,314,3623,11.5,31,48,12,83,170,54.1,2,56,1,1,1,49,1014,353,672,211,81,24,12,1009,14,8,135,53T,26,86.7,27,96.4,0,1,0,0,0,0,21,0.047619048
Bengals,2021,555,384,69.2,8.7,4806,36,14,106.9,208,37.5,63,16,82T,55,403,436,1742,4,16,8,1,46T,96,22,2,384,4806,12.5,36,63,16,82,208,54.2,5,54,1,207,82,20,13,1046,626,420,67.1,7.2,4498,26,13,93.1,213,34,65,8,60T,407,1742,4.3,15,8,2,70T,107,26.3,6,420,4498,10.7,26,65,8,60T,213,50.7,6,63,1,0,1,42,1064,381,676,221,92,18,7,1075,17,8,266,65,29,85.3,47,95.9,0,0,1,1,1,0,30,0.033333333
Bills,2021,655,415,63.4,6.8,4450,36,16,91.3,236,36,51,8,61,27,166,461,2209,4.8,20,18,2,46T,134,29.1,8,415,4450,10.7,36,51,8,61,236,56.9,8,57,3,222,103,22,11,1143,530,297,56,5.8,3047,12,19,65.4,138,26,31,6,73T,442,1866,4.2,19,12,4,76T,108,24.4,7,297,3047,10.3,12,31,6,73T,138,46.5,4,80,0,0,1,42,954,293,614,214,66,35,16,1014,12,11,238,26T,28,87.5,51,100,0,0,1,0,0,0,3,0.333333333
Broncos,2021,541,354,65.4,7.1,3856,20,9,91.7,179,33.1,46,7,64,40,263,455,2025,4.4,16,10,3,70,124,27.2,7,354,3856,10.9,20,46,7,64T,179,50.6,2,37,1,213,82,28,16,1036,562,341,60.7,6.9,3901,22,13,85,192,34.2,48,11,59,441,1892,4.3,9,10,0,35,99,22.4,4,341,3901,11.4,22,48,11,59,192,56.3,0,73,0,0,1,36,999,362,617,225,101,26,11,1039,6,6,221,70T,26,83.9,33,97.1,0,0,0,0,0,0,22,0.045454545
Browns,2021,520,320,61.5,7,3619,21,14,84.6,177,34,47,9,71T,49,299,485,2471,5.1,20,18,2,70,138,28.4,5,320,3619,11.3,21,47,8,71,177,55.3,3,43,3,212,83,29,12,1054,576,367,63.7,6.4,3712,29,13,89.4,184,31.9,45,5,75T,437,1857,4.2,13,9,2,57T,108,24.7,6,367,3712,10.1,29,45,5,75T,184,50.1,4,79,1,0,1,43,1036,356,650,219,86,25,16,1056,12,6,148,99T,16,72.7,37,94.9,0,0,0,0,0,0,8,0.125
Buccaneers,2021,731,492,67.3,7.4,5383,43,12,101.6,273,37.4,76,10,62T,23,154,385,1672,4.3,18,9,2,55,106,27.5,3,492,5383,10.9,43,76,10,62,273,55.5,4,63,1,223,105,16,9,1139,680,445,65.4,6.4,4347,26,17,85.6,214,31.5,55,5,75T,366,1573,4.3,11,11,1,55,94,25.7,4,445,4347,9.8,26,55,5,75T,214,48.1,8,85,0,0,2,47,998,292,701,226,87,28,13,1093,16,12,177,31T,25,80.6,56,94.9,0,0,1,0,0,0,1,1
Cardinals,2021,591,415,70.2,7.8,4619,27,11,100.6,214,36.2,62,11,77T,39,343,496,2076,4.2,23,10,3,57T,127,25.6,16,415,4619,11.1,27,62,11,77,214,51.6,2,52,0,221,100,29,17,1126,561,367,65.4,6.9,3872,30,13,93.5,192,34.2,43,7,64T,426,1952,4.6,10,8,2,62T,109,25.6,6,367,3872,10.6,30,43,7,64T,192,52.3,6,73,1,0,1,41,998,329,644,207,79,30,14,1028,21,14,247,77T,30,81.1,47,95.9,0,0,0,0,0,0,18,0.055555556
Chargers,2021,674,443,65.7,7.4,5014,38,15,97.4,256,38,53,15,72T,31,214,423,1834,4.3,18,7,1,75,112,26.5,3,443,5014,11.3,38,53,15,72,256,57.8,5,58,7,221,100,34,22,1128,559,357,63.9,7.1,3992,27,11,93,199,35.6,53,12,71T,509,2361,4.6,22,13,1,52T,144,28.3,4,357,3992,11.2,27,53,11,71T,199,55.7,5,56,1,0,0,35,1105,395,677,216,107,22,7,1103,19,10,70,26,24,88.9,40,85.1,1,0,0,0,0,0,12,0.083333333
Chiefs,2021,675,448,66.4,7.3,4937,37,13,98.1,267,39.6,58,11,75T,28,146,431,1955,4.5,16,9,1,51,119,27.6,8,448,4937,11,37,58,11,75,267,59.6,4,57,2,205,107,15,10,1134,610,401,65.7,7.4,4482,27,15,92,209,34.3,52,13,72T,419,1999,4.8,15,11,1,47T,121,28.9,10,401,4482,11.2,27,52,12,72T,209,52.1,5,69,2,0,2,31,1016,351,674,199,80,31,19,1060,18,13,160,75,28,87.5,50,94.3,0,0,1,1,0,0,2,0.5
Colts,2021,521,324,62.2,6.9,3588,27,8,93.5,167,32,42,9,76T,32,227,499,2540,5.1,22,19,5,83T,154,30.9,7,324,3588,11.1,27,42,9,76,167,51.5,5,52,2,210,86,29,18,1052,597,390,65.3,7,4203,32,19,90.5,213,35.7,43,8,69T,420,1854,4.4,10,10,2,66T,101,24,10,390,4203,10.8,32,43,8,69T,213,54.6,4,69,1,1,0,33,1020,308,662,210,85,21,12,1050,18,14,175,32,29,82.9,46,97.9,0,0,0,0,0,0,16,0.0625
Cowboys,2021,647,444,68.6,7.7,4963,40,11,104.8,248,38.3,63,9,73T,33,163,473,2119,4.5,15,11,2,58,111,23.5,8,444,4963,11.2,40,63,8,73,248,55.9,4,64,6,228,99,24,14,1153,612,364,59.5,7.1,4346,24,26,76.6,191,31.2,62,14,75T,429,1918,4.5,13,14,0,33,99,23.1,3,364,4346,11.9,24,62,14,75T,191,52.5,4,83,1,0,5,41,991,317,664,223,76,26,16,1082,13,8,405,66,29,82.9,47,88.7,1,0,0,0,0,0,19,0.052631579
Dolphins,2021,615,404,65.7,6.4,3936,21,14,85.4,206,33.5,45,8,65T,40,285,442,1568,3.6,12,5,0,30T,87,19.7,5,404,3936,9.7,21,45,8,65,206,51,2,39,2,233,95,22,12,1097,608,373,61.4,7,4251,23,14,85.4,199,32.7,62,7,64,425,1867,4.4,16,13,1,46T,106,24.9,6,373,4251,11.4,23,62,7,64,199,53.4,8,91,2,0,3,48,1053,380,627,231,95,18,11,1081,14,12,175,85,23,74.2,34,97.1,0,0,0,0,0,0,14,0.071428571
Eagles,2021,494,307,62.2,7.3,3585,20,10,89.2,167,33.8,51,5,91T,31,181,550,2715,4.9,25,17,0,38T,163,29.6,6,307,3585,11.7,20,51,5,91T,167,54.4,2,50,5,221,101,24,11,1086,589,409,69.4,6.8,3976,28,12,95.4,208,35.3,38,7,64,458,1834,4,18,10,0,38,115,25.1,6,409,3976,9.7,28,38,7,64,208,50.9,3,56,3,0,2,29,1122,477,641,217,93,29,14,1065,13,4,142,51,30,90.9,44,100,0,0,0,0,0,0,25,0.04
Falcons,2021,573,377,65.8,7,3987,20,15,86.6,196,34.2,44,7,64,40,274,393,1451,3.7,11,2,0,39T,75,19.1,9,377,3987,10.6,20,44,7,64T,196,52,7,33,1,211,82,24,10,1006,577,391,67.8,7.1,4104,31,12,97.4,214,37.1,51,0,38,519,2242,4.3,19,7,0,27,143,27.6,8,391,4104,10.5,31,51,0,38,214,54.7,3,77,0,1,2,18,1149,446,678,217,105,22,11,1114,14,8,202,66,27,93.1,30,100,0,0,0,0,0,0,26,0.038461538
Commanders,2021,550,356,64.7,6.8,3746,21,15,85.8,181,32.9,42,7,73T,43,305,477,2061,4.3,13,8,0,38,129,27,10,356,3746,10.5,21,42,7,73,181,50.8,4,37,2,224,87,32,16,1070,597,400,67,7.6,4520,34,11,100.8,220,36.8,51,10,72T,430,1775,4.1,14,8,2,46,101,23.5,6,400,4520,11.3,34,51,10,72T,220,55,5,61,0,0,2,38,1055,393,649,229,111,20,12,1065,9,7,120,31,28,84.8,25,86.2,1,0,0,0,0,0,20,0.05
Giants,2021,593,351,59.2,5.8,3463,15,20,70.1,171,28.8,31,6,60T,38,267,419,1688,4,8,9,2,46,90,21.5,4,351,3463,9.9,15,31,6,60,171,48.7,4,24,4,230,84,30,13,1050,611,402,65.8,6.6,4044,27,15,89,216,35.4,42,6,59T,492,2193,4.5,15,5,1,70T,126,25.6,3,402,4044,10.1,27,42,6,59T,216,53.7,4,83,0,1,1,34,1181,492,662,226,90,23,15,1137,12,7,135,41T,29,87.9,17,100,0,0,0,0,0,0,24,0.041666667
Jaguars,2021,604,361,59.8,6.1,3674,12,17,72.1,178,29.5,44,5,58,32,238,392,1755,4.5,13,7,2,66T,92,23.5,6,361,3674,10.2,12,44,5,58,178,49.3,5,28,2,212,76,31,18,1028,543,377,69.4,7.6,4111,24,7,100.8,198,36.5,55,7,55,493,2127,4.3,22,12,1,52T,124,25.2,4,377,4111,10.9,24,55,7,55,198,52.5,3,50,0,0,0,32,1095,400,692,221,95,21,14,1068,9,2,57,23,21,77.8,18,81.8,1,0,0,0,0,0,29,0.034482759
Jets,2021,603,357,59.2,6.6,3959,20,20,76,195,32.3,52,6,62T,53,418,380,1667,4.4,14,9,2,55,87,22.9,1,357,3959,11.1,20,52,6,62,195,54.6,6,36,4,212,77,29,14,1036,587,401,68.3,8,4682,28,7,103.2,234,39.9,73,9,65T,525,2351,4.5,28,16,3,78T,129,24.6,10,401,4682,11.7,28,73,9,65T,234,58.4,5,61,0,0,1,33,1168,413,705,223,99,21,13,1145,13,7,114,32,21,77.8,23,85.2,1,0,0,0,0,0,28,0.035714286
Lions,2021,593,396,66.8,6.6,3884,23,14,88.1,193,32.6,49,5,75,36,286,427,1886,4.4,12,12,2,57,104,24.4,6,396,3884,9.8,23,48,5,75,193,48.7,2,35,5,213,74,41,21,1056,544,359,66,8,4361,31,11,101,211,38.8,56,11,79T,518,2296,4.4,19,14,1,48,135,26.1,3,359,4361,12.2,31,56,11,79T,211,58.8,6,68,0,0,0,30,1103,401,687,204,92,14,9,1092,10,8,108,50,26,86.7,27,96.4,0,0,0,0,0,0,31,0.032258065
Packers,2021,593,402,67.8,7.6,4526,39,7,107.4,235,39.6,61,11,75,33,211,446,1900,4.3,13,7,1,57,109,24.4,5,402,4526,11.3,39,61,11,75,235,58.5,5,54,1,202,88,22,13,1072,603,379,62.8,6.7,4021,31,18,86.9,194,32.2,44,15,79T,395,1855,4.7,13,8,0,38,120,30.4,5,379,4021,10.6,31,44,15,79T,194,51.2,0,74,0,0,2,39,946,275,671,203,87,33,15,1037,10,8,164,55T,25,73.5,49,96.1,0,0,1,0,0,0,4,0.25
Panthers,2021,599,348,58.1,6,3573,14,21,68.5,174,29,36,5,64,52,334,455,1842,4,17,8,0,33T,118,25.9,10,348,3573,10.3,14,36,5,64,174,50,1,32,3,235,84,34,14,1106,515,337,65.4,6.9,3559,26,9,95,170,33,46,7,62,474,1935,4.1,16,9,2,55T,112,23.6,9,337,3559,10.6,26,46,7,62,170,50.4,2,52,0,1,0,39,1032,372,664,217,82,21,12,1028,14,7,103,29,26,89.7,26,92.9,0,0,0,0,0,0,27,0.037037037
Patriots,2021,535,364,68,7.7,4098,24,13,95.5,187,35,60,8,75,28,241,489,2151,4.4,24,11,1,64T,139,28.4,7,364,4098,11.3,24,60,8,75,187,51.4,5,51,3,209,91,17,11,1052,538,319,59.3,6.4,3437,21,23,73.3,176,32.7,38,4,67T,464,2103,4.5,9,13,3,75,111,23.9,6,319,3437,10.8,21,38,4,67T,176,55.2,3,89,0,0,3,36,1036,360,612,211,77,32,17,1038,11,6,322,88,36,92.3,42,89.4,0,0,0,0,0,0,13,0.076923077
Raiders,2021,628,429,68.3,7.7,4808,23,14,93.8,217,34.6,67,10,61T,40,241,414,1617,3.9,14,7,0,31,95,23,9,429,4808,11.2,23,67,10,61,217,50.6,5,37,0,206,77,19,12,1082,606,400,66,6.6,3996,29,6,96.4,202,33.3,43,10,52,462,1943,4.2,18,13,1,51T,109,23.6,7,400,3996,10,29,43,10,52,202,50.5,3,74,0,1,0,35,1096,412,662,230,91,29,21,1103,13,9,68,35,40,93,30,90.9,0,0,0,0,0,0,23,0.043478261
Rams,2021,607,406,66.9,8.1,4893,41,18,101.6,233,38.4,65,18,79T,31,251,420,1683,4,10,3,0,39T,99,23.6,3,406,4893,12,41,65,18,79,233,57.4,2,52,2,205,90,19,10,1058,625,416,66.6,7.2,4476,17,19,83.8,214,34.2,53,10,63T,443,1754,4,18,4,2,54,111,25.1,6,416,4476,10.8,17,53,10,63T,214,51.4,4,72,0,0,0,50,1153,432,657,223,92,32,17,1118,15,6,192,34,32,94.1,48,98,0,1,1,1,1,1,6,0.166666667
Ravens,2021,611,396,64.8,7,4267,21,18,84.4,209,34.2,54,6,49T,57,306,517,2479,4.8,18,15,1,46,159,30.8,7,396,4267,10.8,21,54,6,49T,209,52.8,6,41,2,225,82,27,18,1185,621,397,63.9,8,4986,31,9,99.4,232,37.4,74,16,82T,378,1436,3.8,13,7,2,66,81,21.4,2,397,4986,12.6,31,74,16,82T,232,58.4,1,72,0,0,1,34,968,334,637,201,70,18,11,1033,8,6,38,21T,35,94.6,32,100,0,0,0,0,0,0,5,0.2
Saints,2021,504,293,58.1,6.8,3437,29,13,87.4,165,32.7,41,8,72,37,251,510,1991,3.9,12,9,1,44,113,22.2,2,293,3437,11.7,29,41,8,72,165,56.3,3,43,0,220,78,21,11,1051,592,369,62.3,7,4131,20,18,81.7,185,31.2,56,11,84T,426,1589,3.7,12,9,1,58T,84,19.7,4,369,4131,11.2,20,56,11,84T,185,50.1,4,81,0,0,2,46,1013,346,689,240,89,21,9,1064,13,7,313,53T,25,83.3,31,81.6,0,0,0,0,0,0,15,0.066666667
Seahawks,2021,495,324,65.4,7.7,3815,30,7,103,166,33.5,56,12,84,46,383,413,2074,5,18,18,3,73,106,25.7,4,324,3815,11.8,30,56,12,84,166,51.2,6,49,1,193,72,11,4,954,658,443,67.3,7.2,4766,24,11,93.6,240,36.5,49,8,76T,509,1932,3.8,16,8,1,60T,124,24.4,5,443,4766,10.8,24,49,8,76T,240,54.2,1,80,0,1,0,34,1261,472,709,224,88,31,13,1201,9,7,92,29,17,73.9,44,93.6,1,0,0,0,0,0,7,0.142857143
Steelers,2021,664,425,64,6,4017,23,11,85.3,204,30.7,41,9,59,38,239,411,1583,3.8,10,9,0,37,85,20.7,0,425,4017,9.4,23,41,9,59,204,48,4,34,2,239,93,21,10,1113,563,355,63.1,7.1,3977,24,13,88.6,186,33,44,6,62T,498,2483,5,17,24,3,49,144,28.9,7,355,3977,11.2,24,43,6,62T,186,52.4,7,80,0,0,0,55,1111,369,708,232,86,24,13,1116,18,8,105,41,36,90,27,93.1,0,0,0,0,0,0,10,0.1
Texans,2021,546,354,64.8,6.6,3630,21,15,85.2,162,29.7,44,8,67T,44,325,420,1422,3.4,8,6,0,36,77,18.3,5,354,3630,10.2,21,44,8,67,162,45.8,5,31,2,239,95,21,9,1010,546,363,66.5,8,4342,27,17,94.1,218,39.9,55,12,68,523,2418,4.6,25,9,2,83,135,25.8,10,363,4342,12,27,55,12,68,218,60.1,4,64,0,1,1,32,1132,410,691,206,89,19,11,1101,16,7,295,82T,21,77.8,25,86.2,1,0,0,0,0,0,32,0.03125
Titans,2021,535,359,67.1,7,3745,22,14,90,194,36.3,35,7,57,47,327,551,2404,4.4,23,11,3,76,134,24.3,9,359,3745,10.4,22,35,7,57,194,54,4,49,2,236,103,24,15,1133,628,395,62.9,7.1,4485,24,16,86.4,204,32.5,60,11,68T,368,1438,3.9,14,3,1,58,90,24.5,4,395,4485,11.4,24,60,11,68T,204,51.6,7,83,1,0,2,43,977,312,633,210,77,24,14,1039,13,6,128,24,26,81.2,43,91.5,0,0,1,0,0,0,11,0.090909091
Vikings,2021,604,398,65.9,7.4,4450,34,7,101.6,202,33.4,63,10,64T,30,212,449,1930,4.3,10,13,2,66,103,22.9,6,398,4450,11.2,34,63,10,64,202,50.8,3,48,1,228,83,22,12,1083,626,401,64.1,7.5,4678,29,16,91.4,224,35.8,56,5,77T,475,2222,4.7,15,9,1,49,131,27.6,4,401,4678,11.7,29,56,5,77T,224,55.9,3,67,0,0,2,51,1148,424,676,214,78,30,15,1152,13,8,256,66,33,86.8,36,90,2,0,0,0,0,0,17,0.058823529
49ers,2020,570,371,65.1,7.6,4320,25,17,90.1,217,38.1,55,10,76,39,287,437,1889,4.3,19,8,2,80,101,23.1,6,371,4320,11.6,25,54,10,76,217,58.5,1,45,1,197,77,15,6,1046,537,341,63.5,6.6,3526,25,12,88.6,176,32.8,44,9,70,430,1703,4,12,9,2,61,102,23.7,8,341,3526,10.3,25,44,9,70,176,51.6,7,62,0,0,1,30,932,290,675,200,71,20,13,997,13,8,123,51T,22,84.6,38,95,0,0,0,0,0,0,2,0.5
Bears,2020,614,402,65.5,6.4,3925,26,16,86.5,218,35.5,42,3,53,36,270,393,1647,4.2,12,8,3,80T,93,23.7,1,402,3925,9.8,26,42,3,53T,218,54.2,5,40,2,205,71,28,17,1043,547,350,64,7.2,3939,28,10,94.8,190,34.7,50,7,72T,438,1814,4.1,11,9,0,37,104,23.7,6,350,3939,11.2,28,50,7,72T,190,54.3,4,71,1,1,0,35,958,313,698,210,80,22,13,1020,15,8,81,33,30,93.8,36,97.3,1,0,0,0,0,0,24,0.041666667
Bengals,2020,581,372,64,6.5,3793,19,11,85.6,201,34.6,35,5,72T,48,345,411,1668,4.1,13,9,2,55,92,22.4,8,372,3793,10.2,19,35,5,72,201,54,4,33,0,213,77,27,19,1040,541,340,62.8,7.3,3942,32,11,96.1,192,35.5,57,8,55,463,2368,5.1,13,20,3,72T,126,27.2,4,340,3942,11.6,32,56,8,55,192,56.5,6,80,0,0,0,17,972,367,635,210,91,16,10,1021,10,6,84,30,27,79.4,32,97,1,0,0,0,0,0,27,0.037037037
Bills,2020,596,410,68.8,8,4786,40,11,107.6,240,40.3,66,10,56,27,166,411,1723,4.2,16,10,1,51,119,29,6,410,4786,11.7,40,66,10,56,240,58.5,3,60,0,187,93,10,8,1034,573,369,64.4,6.9,3946,23,15,86.9,199,34.7,44,7,69T,414,1914,4.6,21,11,0,33,125,30.2,5,369,3946,10.7,23,44,7,69T,199,53.9,5,76,1,0,2,38,962,276,653,191,76,19,11,1025,15,10,184,51,28,82.4,57,96.6,0,1,1,1,0,0,6,0.166666667
Broncos,2020,556,317,57,6.6,3673,21,23,72.5,176,31.6,49,11,92,32,222,442,1918,4.3,13,13,3,65T,94,21.3,7,317,3673,11.6,21,49,11,92,176,55.5,6,35,2,212,82,15,4,1030,567,374,66,7.2,4089,21,10,92.1,201,35.4,59,6,84T,434,2080,4.8,22,17,3,59,106,24.4,6,374,4089,10.9,21,59,6,84T,201,53.7,4,64,0,0,0,42,970,292,728,219,88,14,7,1043,12,6,130,46,28,80,25,83.3,0,1,0,0,0,0,21,0.047619048
Browns,2020,501,315,62.9,7.4,3701,27,8,96.6,195,38.9,45,5,75,26,162,495,2374,4.8,21,21,4,59T,133,26.9,7,315,3701,11.8,27,45,5,75,195,61.9,6,50,2,196,88,24,8,1022,585,371,63.4,7.2,4224,31,11,94.8,214,36.6,49,10,47,412,1773,4.3,16,6,1,44,116,28.2,12,371,4224,11.4,31,49,10,47,214,57.7,4,74,0,2,2,38,956,310,673,205,90,27,22,1035,17,10,214,50,19,79.2,43,89.6,0,0,1,0,0,0,19,0.052631579
Buccaneers,2020,626,410,65.5,7.6,4776,42,12,102.8,238,38,67,12,50,22,150,369,1519,4.1,16,9,2,98,82,22.2,3,410,4776,11.6,42,67,12,50,238,58,5,59,0,191,83,14,8,1017,617,426,69,7,4311,29,15,94.3,215,34.8,46,7,75T,358,1289,3.6,10,4,1,62,78,21.8,5,426,4311,10.1,29,46,7,75T,215,50.5,4,70,0,1,1,48,957,289,682,205,82,25,14,1023,15,10,171,37T,28,90.3,52,91.2,0,0,1,1,1,1,13,0.076923077
Cardinals,2020,575,387,67.3,7.1,4102,27,13,94.1,211,36.7,45,14,80T,29,186,479,2237,4.7,22,17,2,69T,136,28.4,9,387,4102,10.6,27,45,14,80,211,54.5,6,49,0,202,80,25,17,1083,570,365,64,6.9,3949,26,11,91.5,207,36.3,48,5,76T,436,2008,4.6,13,10,0,38T,118,27.1,5,365,3949,10.8,26,48,5,76T,207,56.7,1,57,0,1,0,48,967,257,724,202,80,21,14,1054,15,10,129,90,23,76.7,45,97.8,0,0,0,0,0,0,23,0.043478261
Chargers,2020,627,413,65.9,7.2,4548,31,10,97,226,36,54,10,72T,34,219,466,1784,3.8,12,10,0,36,111,23.8,8,413,4548,11,31,54,10,72,226,54.7,3,45,2,224,99,25,12,1127,543,340,62.6,6.8,3715,29,12,91.4,186,34.2,44,10,54T,427,1917,4.5,17,13,1,55T,112,26.2,8,340,3715,10.9,29,44,10,54T,186,54.7,2,54,0,1,2,27,920,304,643,204,89,15,10,997,6,7,217,78,24,72.7,36,92.3,0,0,0,0,0,0,22,0.045454545
Chiefs,2020,630,420,66.7,7.9,5005,40,7,107.3,255,40.5,69,8,75T,24,151,403,1799,4.5,13,10,0,32,110,27.3,5,420,5005,11.9,40,69,8,75,255,60.7,7,57,3,194,95,16,9,1057,557,349,62.7,7.1,3968,29,16,89.4,202,36.3,54,9,72T,433,1954,4.5,14,8,3,65,113,26.1,1,349,3968,11.4,29,54,9,72T,202,57.9,8,64,0,1,2,32,919,281,670,188,77,20,13,1022,13,5,259,50,25,92.6,48,88.9,1,1,1,1,1,0,1,1
Colts,2020,552,371,67.2,7.6,4186,24,11,95.9,201,36.4,56,8,55,21,133,459,1996,4.4,20,12,3,62,129,28.1,1,371,4186,11.3,24,56,8,55,201,54.2,3,50,3,197,78,26,16,1032,562,369,65.7,7.3,4127,24,15,90.5,203,36.1,53,6,73,390,1448,3.7,16,4,0,31,94,24.1,4,369,4127,11.2,24,53,6,73,203,55,6,78,0,3,4,40,923,232,668,203,86,14,6,992,14,10,266,50,32,86.5,43,95.6,1,0,0,0,0,0,10,0.1
Cowboys,2020,639,413,64.6,7.1,4511,25,13,89.9,231,36.2,50,11,69,44,350,430,1788,4.2,14,7,2,42,115,26.7,7,413,4511,10.9,25,50,11,69,231,55.9,3,42,4,215,87,31,17,1113,513,328,63.9,7.4,3820,34,10,100.4,180,35.1,51,11,81T,510,2541,5,20,18,3,69T,142,27.8,9,328,3820,11.6,34,51,11,81T,180,54.9,2,46,2,0,0,31,1006,364,678,209,98,21,10,1054,16,12,108,43,34,82.9,33,91.7,1,0,0,0,0,0,7,0.142857143
Dolphins,2020,559,370,66.2,7,3937,24,13,91.2,207,37,40,4,70,34,201,428,1688,3.9,15,7,0,31,100,23.4,5,370,3937,10.6,24,40,4,70,207,56,3,42,4,202,78,10,8,1021,545,343,62.9,8,4373,21,18,87,193,35.4,57,12,85T,412,1862,4.5,17,9,0,37,113,27.4,5,343,4373,12.8,21,57,12,85T,193,56.3,5,76,2,0,0,41,950,322,627,186,58,26,12,998,16,10,146,29,36,92.3,36,100,0,1,0,0,0,0,26,0.038461538
Eagles,2020,598,334,55.8,6.2,3728,22,20,72.9,177,29.6,43,9,81T,65,401,403,2027,5,16,12,5,82,114,28.3,15,334,3728,11.2,22,43,9,81,177,53,1,42,7,220,82,35,15,1066,530,364,68.7,7.8,4122,27,8,102.4,209,39.4,50,12,69,481,2012,4.2,20,13,5,80,98,20.4,5,364,4122,11.3,27,50,12,69,209,57.4,3,43,1,1,1,49,1023,310,749,211,80,18,7,1060,14,10,101,30T,14,73.7,24,92.3,0,1,0,0,0,0,14,0.071428571
Falcons,2020,628,408,65,7.4,4620,27,11,93.9,243,38.7,59,8,63T,41,257,409,1532,3.8,13,6,1,62T,86,21,5,408,4620,11.3,27,59,8,63,243,59.6,5,41,1,221,97,26,15,1078,625,425,68,7.9,4918,34,12,101.7,239,38.2,66,9,58,380,1677,4.4,15,8,2,45,97,25.5,8,425,4918,11.6,34,66,9,58,239,56.2,4,51,0,0,1,29,958,308,694,195,80,23,10,1034,17,9,204,67T,38,95,34,89.5,0,0,0,0,0,0,18,0.055555556
Commanders,2020,601,389,64.7,6.3,3796,16,16,80.1,184,30.6,40,6,68,50,331,400,1611,4,18,7,1,40,108,27,3,389,3796,9.8,16,40,6,68,184,47.3,7,37,0,225,88,19,11,1051,529,330,62.4,6.4,3393,21,16,81.4,161,30.4,36,11,56T,428,1805,4.2,14,11,5,50T,100,23.4,7,330,3393,10.3,21,35,11,56T,161,48.8,1,66,1,1,2,47,949,328,659,216,81,24,9,1004,14,7,136,76,27,79.4,30,93.8,0,0,0,0,0,0,31,0.032258065
Giants,2020,517,321,62.1,6.4,3336,12,11,79.6,178,34.4,36,5,53,50,310,399,1768,4.4,13,9,3,80T,91,22.8,5,321,3336,10.4,12,36,5,53,178,55.4,3,27,2,198,72,22,14,966,574,388,67.6,7.2,4130,22,11,93.2,215,37.5,43,6,68T,432,1782,4.1,14,9,1,56T,115,26.6,10,388,4130,10.6,22,43,6,68T,215,55.4,8,75,1,0,1,40,1039,369,678,204,91,18,11,1046,14,11,101,46T,31,96.9,21,91.3,0,0,0,0,0,0,28,0.035714286
Jaguars,2020,616,387,62.8,6.4,3955,25,16,83.9,205,33.3,45,5,73,44,256,337,1519,4.5,9,6,1,47T,80,23.7,3,387,3955,10.2,25,45,5,73,205,53,2,37,3,207,84,26,7,997,533,370,69.4,8.1,4322,34,12,105.6,210,39.4,52,9,78T,517,2452,4.7,23,23,4,56,140,27.1,4,370,4322,11.7,34,52,9,78T,210,56.8,4,60,0,0,1,18,1037,333,729,198,86,18,12,1068,12,5,200,53T,18,72,24,85.7,0,1,0,0,0,0,32,0.03125
Jets,2020,499,292,58.5,6.2,3115,16,14,75.9,146,29.3,39,6,69,43,319,406,1683,4.2,9,4,1,46T,94,23.2,2,292,3115,10.7,16,39,6,69,146,50,2,26,1,206,70,18,7,948,605,418,69.1,7.6,4595,34,10,103.2,235,38.8,50,9,54,445,1792,4,16,10,5,80T,100,22.5,11,418,4595,11,34,50,9,54,235,56.2,4,67,0,1,1,31,1058,352,707,202,90,12,5,1081,17,8,134,35T,21,75,20,83.3,0,0,0,0,0,0,25,0.04
Lions,2020,582,374,64.3,7.6,4397,27,13,93.3,220,37.8,58,8,73,42,293,367,1499,4.1,17,5,1,54,93,25.3,5,374,4397,11.8,27,58,8,73,220,58.8,1,45,2,192,79,20,10,986,557,383,68.8,8.5,4753,38,7,112.4,253,45.4,66,8,75T,487,2158,4.4,27,7,2,75T,127,26.1,5,383,4753,12.4,38,66,8,75T,253,66.1,7,51,0,1,0,24,1026,329,718,193,91,18,11,1073,15,5,65,36,21,75,38,92.7,0,1,0,0,0,0,30,0.033333333
Packers,2020,526,372,70.7,8.2,4299,48,5,121.5,216,41.1,57,14,78T,21,193,443,2118,4.8,16,10,4,77,114,25.7,4,372,4299,11.6,48,57,14,78,216,58.1,3,66,2,180,89,21,13,990,536,346,64.6,7.1,3793,23,11,91.1,184,34.3,39,9,53,397,1805,4.6,16,9,3,57,119,30,3,346,3793,11,23,39,9,53,184,53.2,5,74,1,1,1,41,921,293,633,185,73,24,14,974,12,7,98,24T,16,100,59,93.6,0,0,1,1,0,0,8,0.125
Panthers,2020,550,373,67.8,7.5,4129,16,16,87.4,192,34.9,55,9,75T,36,241,407,1704,4.2,19,6,1,45T,110,27,7,373,4129,11.1,16,55,9,75,192,51.5,3,38,1,195,76,27,15,993,585,398,68,6.9,4024,28,7,98.4,211,36.1,50,6,50,408,1936,4.8,17,11,4,98T,114,27.9,6,398,4024,10.1,28,50,6,50,211,53,3,58,3,0,0,29,993,391,619,199,98,10,6,1022,14,15,110,66,29,80.6,33,91.7,0,0,0,0,0,0,29,0.034482759
Patriots,2020,440,283,64.3,7.1,3124,12,14,81.1,157,35.7,38,3,50,37,234,502,2346,4.7,20,13,3,49,143,28.5,8,283,3124,11,12,38,3,50,157,55.5,6,36,1,186,76,17,9,979,494,333,67.4,7.5,3722,22,18,89.3,187,37.8,48,8,54T,464,2103,4.5,17,10,0,35,131,28.2,2,333,3722,11.2,22,48,8,54T,187,56.2,2,52,1,0,1,24,1001,321,606,186,76,16,9,982,5,4,162,43T,26,92.9,30,90.9,0,1,0,0,0,0,15,0.066666667
Raiders,2020,551,369,67,8,4383,28,10,100.4,206,37.4,59,12,85,28,166,457,1916,4.2,20,9,1,43,121,26.5,9,369,4383,11.9,28,59,12,85,206,55.8,4,48,1,198,91,21,16,1036,580,370,63.8,7.5,4341,28,10,95.3,223,38.4,50,7,92T,438,2013,4.6,24,14,2,62T,114,26,2,370,4341,11.7,28,50,7,92T,223,60.3,3,74,0,0,0,21,936,274,675,205,100,17,14,1039,8,5,156,47,33,94.3,45,95.7,0,0,0,0,0,0,20,0.05
Rams,2020,590,392,66.4,7.1,4183,20,14,88.4,206,34.9,50,6,56T,25,169,473,2018,4.3,19,9,4,61T,123,26,4,392,4183,10.7,20,50,6,56,206,52.6,4,43,1,226,98,17,8,1088,548,347,63.3,6.2,3401,17,14,80.4,170,31,36,4,59T,388,1460,3.8,12,2,0,27,91,23.4,7,347,3401,9.8,17,36,4,59T,170,49,1,68,1,1,3,53,946,325,636,209,74,21,9,989,12,8,266,84,24,80,38,90.5,0,0,1,0,0,0,17,0.058823529
Ravens,2020,406,257,63.3,7.2,2919,27,11,95.7,142,35,38,5,70T,32,180,555,3071,5.5,24,31,5,72,166,29.9,11,257,2919,11.4,27,38,5,70,142,55.2,3,55,2,207,101,19,12,993,596,380,63.8,6.4,3808,22,10,87.2,213,35.7,38,4,50,382,1740,4.6,12,12,3,74,96,25.1,7,380,3808,10,22,38,4,50,213,56,11,67,3,2,0,39,951,320,645,191,65,35,16,1017,25,11,78,25,26,89.7,52,98.1,1,0,1,0,0,0,3,0.333333333
Saints,2020,522,370,70.9,7.6,3945,28,8,104.1,199,38.1,44,9,52T,29,187,494,2265,4.6,30,14,3,49T,147,29.8,9,370,3945,10.7,28,44,9,52,199,53.8,4,59,0,208,93,16,11,1045,557,333,59.8,6.8,3759,28,18,83.3,185,33.2,49,9,74T,390,1502,3.8,11,8,1,82T,85,21.8,7,333,3759,11.3,28,49,9,74T,185,55.6,0,84,0,1,1,45,873,273,638,207,79,30,16,992,7,8,196,48T,23,82.1,57,98.3,0,0,1,0,0,0,4,0.25
Seahawks,2020,563,388,68.9,7.5,4245,40,13,105,216,38.4,45,11,62,48,304,411,1971,4.8,15,11,1,50,111,27,6,388,4245,10.9,40,45,11,62T,216,55.7,3,55,1,189,76,14,8,1022,674,450,66.8,7.1,4811,23,14,90.2,253,37.5,55,9,52,392,1529,3.9,18,7,1,60,97,24.7,6,450,4811,10.7,23,55,9,52,253,56.2,2,80,0,3,0,46,1014,304,754,223,105,23,10,1112,14,8,106,32,24,100,49,92.4,0,0,0,0,0,0,9,0.111111111
Steelers,2020,656,428,65.2,6.3,4129,35,11,93.5,206,31.4,48,7,84T,14,126,373,1351,3.6,12,10,2,59,81,21.7,7,428,4129,9.6,35,48,7,84,206,48.1,8,50,2,230,97,19,10,1043,526,298,56.6,6.6,3494,22,18,76.7,163,31,45,7,73T,414,1783,4.3,13,11,2,74T,94,22.7,6,298,3494,11.7,22,45,7,73T,163,54.7,4,84,0,1,3,56,890,244,652,222,83,20,5,996,13,8,169,37T,23,95.8,41,91.1,0,0,0,0,0,0,12,0.083333333
Texans,2020,546,383,70.2,8.9,4843,33,7,112.3,222,40.7,70,11,77T,50,305,344,1466,4.3,10,5,1,48,83,24.1,7,383,4843,12.6,33,69,11,77,222,58,7,44,1,193,83,16,9,940,541,377,69.7,8,4325,30,3,109.6,222,41,52,11,73T,493,2564,5.2,24,17,7,94T,145,29.4,4,377,4325,11.5,30,52,11,73T,222,58.9,1,50,0,0,1,34,1064,346,698,202,96,21,11,1068,9,6,19,19T,27,87.1,37,92.5,0,0,0,0,0,0,16,0.0625
Titans,2020,485,316,65.2,7.9,3826,33,7,105.9,203,41.9,44,13,75T,25,173,521,2690,5.2,26,20,5,94,142,27.3,5,316,3826,12.1,33,44,13,75,203,64.2,3,62,4,182,84,16,10,1031,630,423,67.1,7.3,4593,36,15,97.5,247,39.2,55,8,75T,427,1933,4.5,18,12,2,59,113,26.5,10,423,4593,10.9,36,55,8,75T,247,58.4,5,81,1,0,0,19,1018,316,669,214,111,26,15,1076,12,8,189,68,20,71.4,51,96.2,1,0,0,0,0,0,5,0.2
Vikings,2020,516,349,67.6,8.3,4265,35,13,105,212,41.1,58,7,71T,39,256,468,2283,4.9,20,10,1,70T,139,29.7,5,349,4265,12.2,35,58,7,71,212,60.7,4,55,8,181,74,23,13,1028,541,358,66.2,7.9,4267,30,15,97,208,38.4,63,12,61,472,2151,4.6,19,6,2,42T,136,28.8,5,358,4267,11.9,30,63,12,61,208,58.1,2,56,0,1,0,23,1023,389,665,185,73,24,17,1031,11,7,65,16,15,68.2,37,86,0,0,0,0,0,0,11,0.090909091
49ers,2019,478,331,69.2,8.4,4029,28,13,103.1,195,40.8,62,8,75,36,237,498,2305,4.6,23,16,4,83,110,22.1,8,331,4029,12.2,28,62,8,75,195,58.9,3,56,2,200,90,12,7,1012,519,318,61.3,5.9,3074,23,12,83,150,28.9,34,5,88T,401,1802,4.5,11,9,1,40T,105,26.2,9,318,3074,9.7,23,34,5,88T,150,47.2,7,75,2,0,3,48,894,259,664,192,64,25,8,968,23,15,286,49,30,76.9,49,98,0,0,1,1,1,0,24,0.041666667
Bears,2019,580,371,64,6.2,3573,20,12,83.9,178,30.7,39,2,53,45,282,395,1458,3.7,8,5,2,55T,85,21.5,5,371,3573,9.6,20,39,2,53T,178,48,1,30,1,216,77,21,7,1020,571,362,63.4,6.6,3796,17,10,85.2,190,33.3,40,7,75T,414,1632,3.9,16,9,2,59,86,20.8,5,362,3796,10.5,17,40,7,75T,190,52.5,4,67,0,1,1,32,893,217,734,209,76,23,13,1017,12,9,157,59,23,82.1,27,93.1,1,0,0,0,0,0,7,0.142857143
Bengals,2019,616,356,57.8,6.5,3994,18,16,76.2,191,31,48,7,66T,48,342,385,1517,3.9,9,8,1,41,85,22.1,3,356,3994,11.2,18,48,7,66,191,53.6,7,28,2,222,80,26,13,1049,499,308,61.7,8.3,4121,25,11,95.4,183,36.7,70,12,79T,504,2382,4.7,17,22,2,57,124,24.6,5,308,4121,13.4,25,70,12,79T,183,59.4,4,58,0,1,0,31,996,353,668,209,89,10,5,1034,9,5,181,34,27,87.1,24,96,1,0,0,0,0,0,30,0.033333333
Bills,2019,513,299,58.3,6.8,3476,21,12,82.8,162,31.6,54,8,53,40,247,465,2054,4.4,13,13,1,41,120,25.8,13,299,3476,11.6,21,54,8,53,162,54.2,0,35,3,212,76,18,8,1018,553,348,62.9,6.2,3421,15,14,78.8,169,30.6,34,4,61T,388,1649,4.2,12,12,1,65T,93,24,6,348,3421,9.8,15,34,4,61T,169,48.6,9,83,0,1,0,44,957,292,614,212,76,21,8,985,16,9,59,49,22,78.6,30,93.8,1,0,0,0,0,0,23,0.043478261
Broncos,2019,504,312,61.9,6.8,3401,16,10,84.1,162,32.1,46,10,75,41,286,409,1662,4.1,11,8,1,40T,77,18.8,2,312,3401,10.9,16,46,10,75,162,51.9,4,28,1,202,64,16,11,954,537,348,64.8,7.1,3822,19,10,89.8,175,32.6,46,11,75,426,1783,4.2,9,7,2,81,96,22.5,1,348,3822,11,19,46,10,75,175,50.3,5,70,1,0,0,40,982,337,643,211,79,19,9,1003,9,6,87,24,29,85.3,25,96.2,0,0,0,0,0,0,21,0.047619048
Browns,2019,539,318,59,7.1,3847,22,21,78.4,180,33.4,58,9,89T,41,293,393,1901,4.8,15,11,4,88T,90,22.9,5,318,3847,12.1,22,58,9,89,180,56.6,2,38,1,196,71,17,7,973,513,318,62,7.3,3740,25,14,89,184,35.9,48,8,75T,463,2315,5,19,14,3,83T,124,26.8,10,318,3740,11.8,25,48,8,75T,184,57.9,3,64,0,0,1,38,925,255,711,195,74,17,6,1014,12,6,219,61T,25,86.2,30,85.7,0,0,0,0,0,0,16,0.0625
Buccaneers,2019,630,382,60.6,8.1,5127,33,30,84.1,244,38.7,75,13,71T,47,282,409,1521,3.7,15,10,1,49,81,19.8,6,382,5127,13.4,33,75,13,71,244,63.9,3,54,5,217,90,17,9,1086,664,408,61.4,7,4647,30,12,90,222,33.4,57,14,75T,362,1181,3.3,11,4,1,59,70,19.3,6,408,4647,11.4,30,57,14,75T,222,54.4,5,96,4,0,2,47,914,246,705,218,75,27,13,1073,21,15,201,70,27,77.1,43,89.6,0,0,0,0,0,0,29,0.034482759
Cardinals,2019,554,355,64.1,6.8,3797,20,12,87,176,31.8,49,10,88T,50,320,396,1990,5,18,16,1,80,109,27.5,3,355,3797,10.7,20,49,10,88,176,49.6,4,38,3,197,71,20,13,1000,601,421,70,8,4785,38,7,109.9,243,40.4,72,7,57,439,1922,4.4,9,9,1,76T,94,21.4,3,421,4785,11.4,38,72,7,57,243,57.7,5,56,0,0,0,40,1051,314,746,214,100,14,3,1080,19,10,82,48,31,88.6,34,97.1,0,0,0,0,0,0,31,0.032258065
Chargers,2019,597,394,66,7.8,4648,24,20,89,220,36.8,57,12,84,34,222,366,1453,4,12,9,1,40,90,24.6,7,394,4648,11.8,24,57,12,84,220,55.8,4,37,1,194,86,18,10,997,464,328,70.7,7.3,3394,21,11,96.7,156,33.6,41,6,70T,429,1805,4.2,15,9,3,84T,101,23.5,7,328,3394,10.4,21,41,6,70T,156,47.6,1,45,0,0,0,30,918,278,670,195,88,13,8,923,6,3,74,37,26,76.5,35,100,0,1,0,0,0,0,11,0.090909091
Chiefs,2019,576,378,65.6,8.1,4690,30,5,104.4,211,36.6,59,18,83,25,192,375,1569,4.2,16,10,3,91,93,24.8,5,378,4690,12.4,30,59,18,83,211,55.8,5,50,1,187,89,10,6,976,582,352,60.5,6.7,3881,21,16,80.8,190,32.6,46,7,69,416,2051,4.9,14,9,2,68T,115,27.6,6,352,3881,11,21,46,7,69,190,54,2,65,2,0,1,45,950,300,675,202,75,31,16,1043,13,7,141,46T,34,89.5,45,93.8,1,0,1,1,1,1,4,0.25
Colts,2019,513,307,59.8,6.5,3314,22,10,85,165,32.2,38,3,50,32,206,471,2130,4.5,17,14,3,63T,131,27.8,3,307,3314,10.8,22,38,3,50T,165,53.8,5,42,2,207,86,24,14,1016,562,394,70.1,7.5,4231,29,15,98,207,36.8,50,9,61T,383,1567,4.1,8,8,2,60T,93,24.3,4,394,4231,10.7,29,50,9,61T,207,52.5,4,50,0,2,1,41,981,274,650,199,85,19,8,986,14,8,167,80T,22,71,33,84.6,0,2,0,0,0,0,5,0.2
Cowboys,2019,597,388,65,8.2,4902,30,11,99.5,229,38.4,68,16,62,23,151,449,2153,4.8,18,11,2,44,120,26.7,7,388,4902,12.6,30,68,16,62,229,59,4,49,2,204,96,16,7,1069,569,370,65,6.8,3879,21,7,91.8,188,33,55,5,92T,407,1656,4.1,14,9,1,59,101,24.8,7,370,3879,10.5,21,55,5,92T,188,50.8,3,71,1,0,0,39,958,323,668,201,67,22,10,1015,14,10,83,29,30,75,46,100,0,0,0,0,0,0,8,0.125
Dolphins,2019,615,371,60.3,6.7,4117,22,18,80,210,34.2,49,7,51T,58,313,349,1156,3.3,10,3,0,28T,64,18.3,7,371,4117,11.1,22,49,7,51,210,56.6,7,34,1,207,71,28,13,1022,545,344,63.1,8,4353,39,13,101.9,214,39.3,68,6,83T,485,2166,4.5,15,9,2,60,113,23.3,8,344,4353,12.6,39,68,6,83T,214,62.2,2,66,0,1,1,23,1025,393,643,194,81,13,8,1053,9,3,190,35T,23,76.7,29,96.7,1,0,0,0,0,0,32,0.03125
Eagles,2019,613,391,63.8,6.6,4063,27,8,92.1,215,35.1,52,6,53T,37,230,454,1939,4.3,16,7,2,65,104,22.9,9,391,4063,10.4,27,52,6,53,215,55,6,46,4,229,104,24,8,1104,571,348,61,7.2,4136,27,11,90.8,185,32.4,49,15,75T,353,1442,4.1,13,10,3,68T,76,21.5,8,348,4136,11.9,27,49,15,75T,185,53.2,3,82,2,0,1,43,840,240,647,205,70,18,11,967,15,9,159,51T,22,84.6,35,94.6,0,0,0,0,0,0,6,0.166666667
Falcons,2019,684,459,67.1,7.4,5049,29,15,93.8,258,37.7,52,5,93T,50,335,362,1361,3.8,10,6,0,28,84,23.2,4,459,5049,11,29,52,5,93,258,56.2,3,42,2,207,87,21,13,1096,536,351,65.5,7.7,4137,28,12,96.9,192,35.8,56,9,71T,421,1775,4.2,13,14,0,37,108,25.6,10,351,4137,11.8,28,56,9,71T,192,54.7,3,57,1,0,1,28,976,375,612,193,77,20,12,985,17,8,130,27T,32,80,29,93.6,0,1,0,0,0,0,17,0.058823529
Giants,2019,607,376,61.9,6.7,4070,30,17,86.4,187,30.8,54,11,75,43,339,362,1685,4.6,11,13,3,68T,89,24.6,9,376,4070,10.8,30,54,11,75,187,49.7,5,44,2,212,79,31,14,1012,556,369,66.4,8,4471,30,10,101.4,211,38,67,15,62,469,1812,3.9,19,12,1,41,100,21.3,8,369,4471,12.1,30,67,15,62,211,57.2,3,65,1,1,1,36,1047,361,671,216,86,14,8,1061,9,6,171,62T,12,70.6,35,89.7,0,0,0,0,0,0,27,0.037037037
Jaguars,2019,589,364,61.8,6.8,4023,24,8,90,183,31.1,53,6,70T,42,263,389,1708,4.4,3,10,4,81,85,21.8,3,364,4023,11,24,53,6,70T,183,50.3,1,29,4,220,76,25,12,1020,517,327,63.2,7.9,4088,22,10,93.9,193,37.3,60,12,84T,435,2229,5.1,23,15,6,84T,114,26.2,6,327,4088,12.5,22,60,12,84T,193,59,2,60,1,0,1,47,922,275,679,190,79,11,5,999,13,8,132,35T,33,97.1,19,95,0,0,0,0,0,0,18,0.055555556
Jets,2019,521,323,62,6.6,3443,19,16,80.6,162,31.1,44,6,92T,52,332,383,1257,3.3,6,2,0,24,61,15.9,5,323,3443,10.7,19,44,6,92T,162,50.2,3,31,3,212,65,19,7,956,585,363,62,6.8,4001,25,12,88,187,32,51,7,89T,417,1391,3.3,12,8,1,66,75,18,8,363,4001,11,25,51,7,89T,187,51.5,2,67,2,2,3,35,932,285,705,225,88,12,3,1037,10,8,138,61,19,67.9,23,85.2,0,0,0,0,0,0,22,0.045454545
Lions,2019,571,344,60.2,7.3,4187,28,15,88.2,196,34.3,60,13,75,43,287,407,1649,4,7,7,2,44,82,20.2,5,344,4187,12.2,28,60,13,75,196,57,2,38,0,220,90,13,5,1021,611,381,62.4,7.8,4739,33,7,99.6,232,38,72,10,66,455,1855,4.1,13,7,2,45,94,20.7,7,381,4739,12.4,33,72,10,66,232,60.9,5,73,1,0,0,28,981,269,749,214,94,15,7,1094,16,11,76,55,26,83.9,35,97.2,1,1,0,0,0,0,26,0.038461538
Packers,2019,573,356,62.1,7,4017,26,4,95.3,190,33.2,52,12,74T,36,284,411,1795,4.4,18,7,3,56T,90,21.9,3,356,4017,11.3,26,52,12,74,190,53.4,6,44,3,203,73,14,7,1020,546,326,59.7,7.4,4016,19,17,81.1,191,35,56,15,66,411,1921,4.7,15,8,3,75T,99,24.1,10,326,4016,12.3,19,56,15,66,191,58.6,4,74,0,0,0,41,911,283,640,197,75,18,8,998,12,7,177,39,22,91.7,40,97.6,0,0,0,0,0,0,15,0.066666667
Panthers,2019,633,382,60.4,6.5,4134,17,21,74.7,230,36.3,40,7,52T,58,484,386,1819,4.7,20,7,5,84,82,21.2,7,382,4134,10.8,17,40,7,52T,230,60.2,2,38,1,207,66,24,12,1077,544,347,63.8,7.4,3997,21,14,88,197,36.2,53,7,93T,445,2296,5.2,31,23,5,60,128,28.8,5,347,3997,11.5,21,53,7,93T,197,56.8,0,67,1,2,0,53,959,302,700,193,77,9,6,1042,8,7,141,37,25,78.1,31,88.6,0,0,1,1,0,0,20,0.05
Patriots,2019,620,378,61,6.7,4153,25,9,88.2,197,31.8,62,6,59,28,192,447,1703,3.8,17,6,0,33T,110,24.6,3,378,4153,11,25,62,6,59,197,52.1,4,49,2,227,87,15,6,1095,536,303,56.5,6,3214,13,25,62.8,150,28,42,5,64T,365,1528,4.2,7,6,4,65T,72,19.7,5,303,3214,10.6,13,42,5,64T,150,49.5,6,89,2,1,3,47,884,259,570,195,47,22,8,948,15,11,353,69,27,79.4,39,86.7,0,0,0,0,0,0,1,1
Raiders,2019,523,367,70.2,7.9,4110,22,8,101,194,37.1,54,10,75,29,184,437,1893,4.3,13,11,3,60T,104,23.8,9,367,4110,11.2,22,54,9,75,194,52.9,4,37,0,201,88,19,11,989,526,337,64.1,8.3,4355,33,9,103.8,201,38.2,68,16,91T,405,1570,3.9,15,9,0,30,91,22.5,3,337,4355,12.9,33,68,16,91T,201,59.6,2,67,0,0,2,32,869,219,653,190,81,13,9,963,9,6,214,59,19,73.1,34,94.4,0,0,0,0,0,0,25,0.04
Rams,2019,632,397,62.8,7.4,4669,22,17,85.6,222,35.1,73,6,66,22,170,401,1499,3.7,20,8,0,27,92,22.9,6,397,4669,11.8,22,73,6,66T,222,55.9,3,46,1,208,83,13,3,1055,562,348,61.9,7,3928,23,13,86.8,194,34.5,40,6,67T,444,1809,4.1,15,9,1,44T,100,22.5,8,348,3928,11.3,23,40,6,67T,194,55.8,5,76,2,1,2,50,1030,364,639,218,86,24,14,1056,15,11,137,32,24,72.7,42,100,0,0,0,0,0,0,2,0.5
Ravens,2019,440,289,65.7,7.6,3350,37,8,109,171,38.9,44,8,83T,28,125,596,3296,5.5,21,23,5,63,188,31.5,12,289,3350,11.6,37,44,8,83,171,59.2,2,64,2,187,88,24,17,1064,544,318,58.5,6.6,3583,15,13,77.5,163,30,47,9,83T,340,1494,4.4,12,8,4,88T,74,21.8,5,318,3583,11.3,15,47,9,83T,163,51.3,6,71,4,1,2,37,811,240,598,194,72,18,6,921,15,12,259,89T,28,96.6,57,96.6,0,0,0,0,0,0,12,0.083333333
Commanders,2019,479,298,62.2,6.7,3205,18,13,83,154,32.2,38,6,75,50,393,356,1583,4.4,9,11,2,65T,74,20.8,7,298,3205,10.8,18,38,6,75,154,51.7,4,28,1,179,52,14,6,885,540,371,68.7,7.6,4093,35,13,102.5,200,37,56,9,53T,493,2339,4.7,14,16,4,67T,120,24.3,8,371,4093,11,35,56,9,53T,200,53.9,3,52,0,0,0,46,1058,330,743,227,111,19,12,1079,16,9,106,33,25,83.3,21,95.4,1,0,1,0,0,0,28,0.035714286
Saints,2019,581,418,71.9,7.6,4431,36,6,110.2,230,39.6,54,9,61T,25,187,405,1738,4.3,12,11,1,40,97,24,3,418,4431,10.6,36,54,9,61,230,55,2,52,0,192,81,13,5,1011,603,371,61.5,7,4201,27,13,88.3,197,32.7,54,13,75T,345,1461,4.2,12,9,1,49T,71,20.6,7,371,4201,11.3,27,54,13,75T,197,53.1,2,78,1,1,2,51,858,226,648,210,73,25,11,999,11,10,140,55,32,88.9,48,98,0,1,0,0,0,0,3,0.333333333
Seahawks,2019,517,341,66,8,4110,31,6,105.3,190,36.8,55,10,60T,48,319,481,2200,4.6,15,14,2,59T,121,25.2,11,341,4110,12,31,55,10,60,190,55.7,8,49,1,200,79,14,7,1046,598,383,64,7.4,4407,19,16,85.6,224,37.5,53,6,58T,388,1883,4.8,22,12,2,80T,97,25,5,383,4407,11.5,19,53,6,58T,224,58.5,7,74,1,0,2,28,975,372,609,185,71,12,7,1014,19,16,161,55,23,82.1,40,90.9,0,0,1,0,0,0,10,0.1
Steelers,2019,510,315,61.8,6.3,3214,18,19,76,147,28.8,37,8,79,32,233,395,1447,3.7,7,9,1,45,75,19,7,315,3214,10.2,18,37,8,79,147,46.7,7,29,0,195,67,15,2,937,514,314,61.1,6.7,3455,23,20,79.7,164,31.9,43,6,58T,462,1753,3.8,7,6,0,38,110,23.8,14,314,3455,11,23,43,6,58T,164,52.2,3,83,2,0,1,54,1015,313,670,209,76,21,10,1030,22,18,235,96T,29,93.6,28,100,0,1,0,0,0,0,9,0.111111111
Texans,2019,534,355,66.5,7.6,4083,27,14,95.3,203,38,51,10,54T,49,300,434,2009,4.6,17,13,4,58,112,25.8,11,355,4083,11.5,27,51,10,54,203,57.2,2,46,1,193,84,25,13,1017,586,375,64,7.7,4491,33,12,97.6,220,37.5,58,12,65T,403,1937,4.8,12,15,4,63T,98,24.3,4,375,4491,12,33,58,12,65T,220,58.7,1,75,0,0,2,31,944,295,656,202,98,16,7,1020,14,10,302,86,20,80,40,88.9,0,0,1,0,0,0,14,0.071428571
Titans,2019,448,297,66.3,8.8,3956,29,8,108.3,177,39.5,58,15,91,56,374,445,2223,5,21,14,5,74,104,23.4,8,297,3956,13.3,29,58,15,91,177,59.6,4,54,1,185,70,14,4,949,598,386,64.6,7.3,4356,25,14,90.4,213,35.6,55,8,63T,415,1672,4,14,6,4,69,95,22.9,5,386,4356,11.3,25,55,8,63T,213,55.2,3,72,2,1,1,43,1027,345,649,204,74,25,10,1056,11,9,158,38T,8,44.4,50,96.2,0,0,1,1,0,0,19,0.052631579
Vikings,2019,466,319,68.4,8,3729,26,8,103.9,171,36.7,53,11,66,28,206,476,2133,4.5,19,15,4,75T,106,22.3,10,319,3729,11.7,26,53,11,66,171,53.6,6,47,1,194,83,15,8,970,601,394,65.6,6.8,4099,23,17,86.1,215,35.8,47,7,60T,404,1728,4.3,8,5,2,91T,78,19.3,3,394,4099,10.4,23,47,7,60T,215,54.6,9,83,1,1,1,48,978,281,718,214,85,29,16,1053,19,14,95,21T,27,93.1,40,90.9,0,0,1,0,0,0,13,0.076923077
49ers,2025,.,.,.,.,.,.,.,.,.,.,.,.,.,.,.,.,.,.,.,.,.,.,.,.,.,.,.,.,.,.,.,.,.,.,.,.,.,.,.,.,.,.,.,.,.,.,.,.,.,.,.,.,.,.,.,.,.,.,.,.,.,.,.,.,.,.,.,.,.,.,.,.,.,.,.,.,.,.,.,.,.,.,.,.,.,.,.,.,.,.,.,.,.,.,.,.,.,.,.,.,.,.,15,0.066666667
Bears,2025,.,.,.,.,.,.,.,.,.,.,.,.,.,.,.,.,.,.,.,.,.,.,.,.,.,.,.,.,.,.,.,.,.,.,.,.,.,.,.,.,.,.,.,.,.,.,.,.,.,.,.,.,.,.,.,.,.,.,.,.,.,.,.,.,.,.,.,.,.,.,.,.,.,.,.,.,.,.,.,.,.,.,.,.,.,.,.,.,.,.,.,.,.,.,.,.,.,.,.,.,.,.,16,0.0625
Bengals,2025,.,.,.,.,.,.,.,.,.,.,.,.,.,.,.,.,.,.,.,.,.,.,.,.,.,.,.,.,.,.,.,.,.,.,.,.,.,.,.,.,.,.,.,.,.,.,.,.,.,.,.,.,.,.,.,.,.,.,.,.,.,.,.,.,.,.,.,.,.,.,.,.,.,.,.,.,.,.,.,.,.,.,.,.,.,.,.,.,.,.,.,.,.,.,.,.,.,.,.,.,.,.,12,0.083333333
Bills,2025,.,.,.,.,.,.,.,.,.,.,.,.,.,.,.,.,.,.,.,.,.,.,.,.,.,.,.,.,.,.,.,.,.,.,.,.,.,.,.,.,.,.,.,.,.,.,.,.,.,.,.,.,.,.,.,.,.,.,.,.,.,.,.,.,.,.,.,.,.,.,.,.,.,.,.,.,.,.,.,.,.,.,.,.,.,.,.,.,.,.,.,.,.,.,.,.,.,.,.,.,.,.,4,0.25
Broncos,2025,.,.,.,.,.,.,.,.,.,.,.,.,.,.,.,.,.,.,.,.,.,.,.,.,.,.,.,.,.,.,.,.,.,.,.,.,.,.,.,.,.,.,.,.,.,.,.,.,.,.,.,.,.,.,.,.,.,.,.,.,.,.,.,.,.,.,.,.,.,.,.,.,.,.,.,.,.,.,.,.,.,.,.,.,.,.,.,.,.,.,.,.,.,.,.,.,.,.,.,.,.,.,11,0.090909091
Browns,2025,.,.,.,.,.,.,.,.,.,.,.,.,.,.,.,.,.,.,.,.,.,.,.,.,.,.,.,.,.,.,.,.,.,.,.,.,.,.,.,.,.,.,.,.,.,.,.,.,.,.,.,.,.,.,.,.,.,.,.,.,.,.,.,.,.,.,.,.,.,.,.,.,.,.,.,.,.,.,.,.,.,.,.,.,.,.,.,.,.,.,.,.,.,.,.,.,.,.,.,.,.,.,28,0.035714286
Buccaneers,2025,.,.,.,.,.,.,.,.,.,.,.,.,.,.,.,.,.,.,.,.,.,.,.,.,.,.,.,.,.,.,.,.,.,.,.,.,.,.,.,.,.,.,.,.,.,.,.,.,.,.,.,.,.,.,.,.,.,.,.,.,.,.,.,.,.,.,.,.,.,.,.,.,.,.,.,.,.,.,.,.,.,.,.,.,.,.,.,.,.,.,.,.,.,.,.,.,.,.,.,.,.,.,7,0.142857143
Cardinals,2025,.,.,.,.,.,.,.,.,.,.,.,.,.,.,.,.,.,.,.,.,.,.,.,.,.,.,.,.,.,.,.,.,.,.,.,.,.,.,.,.,.,.,.,.,.,.,.,.,.,.,.,.,.,.,.,.,.,.,.,.,.,.,.,.,.,.,.,.,.,.,.,.,.,.,.,.,.,.,.,.,.,.,.,.,.,.,.,.,.,.,.,.,.,.,.,.,.,.,.,.,.,.,18,0.055555556
Chargers,2025,.,.,.,.,.,.,.,.,.,.,.,.,.,.,.,.,.,.,.,.,.,.,.,.,.,.,.,.,.,.,.,.,.,.,.,.,.,.,.,.,.,.,.,.,.,.,.,.,.,.,.,.,.,.,.,.,.,.,.,.,.,.,.,.,.,.,.,.,.,.,.,.,.,.,.,.,.,.,.,.,.,.,.,.,.,.,.,.,.,.,.,.,.,.,.,.,.,.,.,.,.,.,13,0.076923077
Chiefs,2025,.,.,.,.,.,.,.,.,.,.,.,.,.,.,.,.,.,.,.,.,.,.,.,.,.,.,.,.,.,.,.,.,.,.,.,.,.,.,.,.,.,.,.,.,.,.,.,.,.,.,.,.,.,.,.,.,.,.,.,.,.,.,.,.,.,.,.,.,.,.,.,.,.,.,.,.,.,.,.,.,.,.,.,.,.,.,.,.,.,.,.,.,.,.,.,.,.,.,.,.,.,.,3,0.333333333
Colts,2025,.,.,.,.,.,.,.,.,.,.,.,.,.,.,.,.,.,.,.,.,.,.,.,.,.,.,.,.,.,.,.,.,.,.,.,.,.,.,.,.,.,.,.,.,.,.,.,.,.,.,.,.,.,.,.,.,.,.,.,.,.,.,.,.,.,.,.,.,.,.,.,.,.,.,.,.,.,.,.,.,.,.,.,.,.,.,.,.,.,.,.,.,.,.,.,.,.,.,.,.,.,.,23,0.043478261
Commanders,2025,.,.,.,.,.,.,.,.,.,.,.,.,.,.,.,.,.,.,.,.,.,.,.,.,.,.,.,.,.,.,.,.,.,.,.,.,.,.,.,.,.,.,.,.,.,.,.,.,.,.,.,.,.,.,.,.,.,.,.,.,.,.,.,.,.,.,.,.,.,.,.,.,.,.,.,.,.,.,.,.,.,.,.,.,.,.,.,.,.,.,.,.,.,.,.,.,.,.,.,.,.,.,6,0.166666667
Cowboys,2025,.,.,.,.,.,.,.,.,.,.,.,.,.,.,.,.,.,.,.,.,.,.,.,.,.,.,.,.,.,.,.,.,.,.,.,.,.,.,.,.,.,.,.,.,.,.,.,.,.,.,.,.,.,.,.,.,.,.,.,.,.,.,.,.,.,.,.,.,.,.,.,.,.,.,.,.,.,.,.,.,.,.,.,.,.,.,.,.,.,.,.,.,.,.,.,.,.,.,.,.,.,.,20,0.05
Dolphins,2025,.,.,.,.,.,.,.,.,.,.,.,.,.,.,.,.,.,.,.,.,.,.,.,.,.,.,.,.,.,.,.,.,.,.,.,.,.,.,.,.,.,.,.,.,.,.,.,.,.,.,.,.,.,.,.,.,.,.,.,.,.,.,.,.,.,.,.,.,.,.,.,.,.,.,.,.,.,.,.,.,.,.,.,.,.,.,.,.,.,.,.,.,.,.,.,.,.,.,.,.,.,.,22,0.045454545
Eagles,2025,.,.,.,.,.,.,.,.,.,.,.,.,.,.,.,.,.,.,.,.,.,.,.,.,.,.,.,.,.,.,.,.,.,.,.,.,.,.,.,.,.,.,.,.,.,.,.,.,.,.,.,.,.,.,.,.,.,.,.,.,.,.,.,.,.,.,.,.,.,.,.,.,.,.,.,.,.,.,.,.,.,.,.,.,.,.,.,.,.,.,.,.,.,.,.,.,.,.,.,.,.,.,1,1
Falcons,2025,.,.,.,.,.,.,.,.,.,.,.,.,.,.,.,.,.,.,.,.,.,.,.,.,.,.,.,.,.,.,.,.,.,.,.,.,.,.,.,.,.,.,.,.,.,.,.,.,.,.,.,.,.,.,.,.,.,.,.,.,.,.,.,.,.,.,.,.,.,.,.,.,.,.,.,.,.,.,.,.,.,.,.,.,.,.,.,.,.,.,.,.,.,.,.,.,.,.,.,.,.,.,21,0.047619048
Giants,2025,.,.,.,.,.,.,.,.,.,.,.,.,.,.,.,.,.,.,.,.,.,.,.,.,.,.,.,.,.,.,.,.,.,.,.,.,.,.,.,.,.,.,.,.,.,.,.,.,.,.,.,.,.,.,.,.,.,.,.,.,.,.,.,.,.,.,.,.,.,.,.,.,.,.,.,.,.,.,.,.,.,.,.,.,.,.,.,.,.,.,.,.,.,.,.,.,.,.,.,.,.,.,30,0.033333333
Jaguars,2025,.,.,.,.,.,.,.,.,.,.,.,.,.,.,.,.,.,.,.,.,.,.,.,.,.,.,.,.,.,.,.,.,.,.,.,.,.,.,.,.,.,.,.,.,.,.,.,.,.,.,.,.,.,.,.,.,.,.,.,.,.,.,.,.,.,.,.,.,.,.,.,.,.,.,.,.,.,.,.,.,.,.,.,.,.,.,.,.,.,.,.,.,.,.,.,.,.,.,.,.,.,.,29,0.034482759
Jets,2025,.,.,.,.,.,.,.,.,.,.,.,.,.,.,.,.,.,.,.,.,.,.,.,.,.,.,.,.,.,.,.,.,.,.,.,.,.,.,.,.,.,.,.,.,.,.,.,.,.,.,.,.,.,.,.,.,.,.,.,.,.,.,.,.,.,.,.,.,.,.,.,.,.,.,.,.,.,.,.,.,.,.,.,.,.,.,.,.,.,.,.,.,.,.,.,.,.,.,.,.,.,.,27,0.037037037
Lions,2025,.,.,.,.,.,.,.,.,.,.,.,.,.,.,.,.,.,.,.,.,.,.,.,.,.,.,.,.,.,.,.,.,.,.,.,.,.,.,.,.,.,.,.,.,.,.,.,.,.,.,.,.,.,.,.,.,.,.,.,.,.,.,.,.,.,.,.,.,.,.,.,.,.,.,.,.,.,.,.,.,.,.,.,.,.,.,.,.,.,.,.,.,.,.,.,.,.,.,.,.,.,.,5,0.2
Packers,2025,.,.,.,.,.,.,.,.,.,.,.,.,.,.,.,.,.,.,.,.,.,.,.,.,.,.,.,.,.,.,.,.,.,.,.,.,.,.,.,.,.,.,.,.,.,.,.,.,.,.,.,.,.,.,.,.,.,.,.,.,.,.,.,.,.,.,.,.,.,.,.,.,.,.,.,.,.,.,.,.,.,.,.,.,.,.,.,.,.,.,.,.,.,.,.,.,.,.,.,.,.,.,9,0.111111111
Panthers,2025,.,.,.,.,.,.,.,.,.,.,.,.,.,.,.,.,.,.,.,.,.,.,.,.,.,.,.,.,.,.,.,.,.,.,.,.,.,.,.,.,.,.,.,.,.,.,.,.,.,.,.,.,.,.,.,.,.,.,.,.,.,.,.,.,.,.,.,.,.,.,.,.,.,.,.,.,.,.,.,.,.,.,.,.,.,.,.,.,.,.,.,.,.,.,.,.,.,.,.,.,.,.,24,0.041666667
Patriots,2025,.,.,.,.,.,.,.,.,.,.,.,.,.,.,.,.,.,.,.,.,.,.,.,.,.,.,.,.,.,.,.,.,.,.,.,.,.,.,.,.,.,.,.,.,.,.,.,.,.,.,.,.,.,.,.,.,.,.,.,.,.,.,.,.,.,.,.,.,.,.,.,.,.,.,.,.,.,.,.,.,.,.,.,.,.,.,.,.,.,.,.,.,.,.,.,.,.,.,.,.,.,.,25,0.04
Raiders,2025,.,.,.,.,.,.,.,.,.,.,.,.,.,.,.,.,.,.,.,.,.,.,.,.,.,.,.,.,.,.,.,.,.,.,.,.,.,.,.,.,.,.,.,.,.,.,.,.,.,.,.,.,.,.,.,.,.,.,.,.,.,.,.,.,.,.,.,.,.,.,.,.,.,.,.,.,.,.,.,.,.,.,.,.,.,.,.,.,.,.,.,.,.,.,.,.,.,.,.,.,.,.,26,0.038461538
Rams,2025,.,.,.,.,.,.,.,.,.,.,.,.,.,.,.,.,.,.,.,.,.,.,.,.,.,.,.,.,.,.,.,.,.,.,.,.,.,.,.,.,.,.,.,.,.,.,.,.,.,.,.,.,.,.,.,.,.,.,.,.,.,.,.,.,.,.,.,.,.,.,.,.,.,.,.,.,.,.,.,.,.,.,.,.,.,.,.,.,.,.,.,.,.,.,.,.,.,.,.,.,.,.,8,0.125
Ravens,2025,.,.,.,.,.,.,.,.,.,.,.,.,.,.,.,.,.,.,.,.,.,.,.,.,.,.,.,.,.,.,.,.,.,.,.,.,.,.,.,.,.,.,.,.,.,.,.,.,.,.,.,.,.,.,.,.,.,.,.,.,.,.,.,.,.,.,.,.,.,.,.,.,.,.,.,.,.,.,.,.,.,.,.,.,.,.,.,.,.,.,.,.,.,.,.,.,.,.,.,.,.,.,2,0.5
Saints,2025,.,.,.,.,.,.,.,.,.,.,.,.,.,.,.,.,.,.,.,.,.,.,.,.,.,.,.,.,.,.,.,.,.,.,.,.,.,.,.,.,.,.,.,.,.,.,.,.,.,.,.,.,.,.,.,.,.,.,.,.,.,.,.,.,.,.,.,.,.,.,.,.,.,.,.,.,.,.,.,.,.,.,.,.,.,.,.,.,.,.,.,.,.,.,.,.,.,.,.,.,.,.,31,0.032258065
Seahawks,2025,.,.,.,.,.,.,.,.,.,.,.,.,.,.,.,.,.,.,.,.,.,.,.,.,.,.,.,.,.,.,.,.,.,.,.,.,.,.,.,.,.,.,.,.,.,.,.,.,.,.,.,.,.,.,.,.,.,.,.,.,.,.,.,.,.,.,.,.,.,.,.,.,.,.,.,.,.,.,.,.,.,.,.,.,.,.,.,.,.,.,.,.,.,.,.,.,.,.,.,.,.,.,19,0.052631579
Steelers,2025,.,.,.,.,.,.,.,.,.,.,.,.,.,.,.,.,.,.,.,.,.,.,.,.,.,.,.,.,.,.,.,.,.,.,.,.,.,.,.,.,.,.,.,.,.,.,.,.,.,.,.,.,.,.,.,.,.,.,.,.,.,.,.,.,.,.,.,.,.,.,.,.,.,.,.,.,.,.,.,.,.,.,.,.,.,.,.,.,.,.,.,.,.,.,.,.,.,.,.,.,.,.,17,0.058823529
Texans,2025,.,.,.,.,.,.,.,.,.,.,.,.,.,.,.,.,.,.,.,.,.,.,.,.,.,.,.,.,.,.,.,.,.,.,.,.,.,.,.,.,.,.,.,.,.,.,.,.,.,.,.,.,.,.,.,.,.,.,.,.,.,.,.,.,.,.,.,.,.,.,.,.,.,.,.,.,.,.,.,.,.,.,.,.,.,.,.,.,.,.,.,.,.,.,.,.,.,.,.,.,.,.,14,0.071428571
Titans,2025,.,.,.,.,.,.,.,.,.,.,.,.,.,.,.,.,.,.,.,.,.,.,.,.,.,.,.,.,.,.,.,.,.,.,.,.,.,.,.,.,.,.,.,.,.,.,.,.,.,.,.,.,.,.,.,.,.,.,.,.,.,.,.,.,.,.,.,.,.,.,.,.,.,.,.,.,.,.,.,.,.,.,.,.,.,.,.,.,.,.,.,.,.,.,.,.,.,.,.,.,.,.,32,0.03125
Vikings,2025,.,.,.,.,.,.,.,.,.,.,.,.,.,.,.,.,.,.,.,.,.,.,.,.,.,.,.,.,.,.,.,.,.,.,.,.,.,.,.,.,.,.,.,.,.,.,.,.,.,.,.,.,.,.,.,.,.,.,.,.,.,.,.,.,.,.,.,.,.,.,.,.,.,.,.,.,.,.,.,.,.,.,.,.,.,.,.,.,.,.,.,.,.,.,.,.,.,.,.,.,.,.,10,0.1
